<?xml version="1.0" encoding="UTF-8"?>
<dense_cloud version="1.2.0">
  <tiles>
    <tile path="dense_cloud.oc3">
      <totalCount>962848</totalCount>
      <validCount>962848</validCount>
      <pointCount class="0">962848</pointCount>
    </tile>
  </tiles>
  <params>
    <dataType>uint8</dataType>
    <bands>
      <band label="Red"/>
      <band label="Green"/>
      <band label="Blue"/>
    </bands>
  </params>
  <meta>
    <property name="dense_cloud/density" value="100"/>
    <property name="dense_cloud/depth_downscale" value="4"/>
    <property name="dense_cloud/depth_filter_mode" value="0"/>
    <property name="dense_cloud/duration" value="35.186047"/>
    <property name="dense_cloud/resolution" value="0.0401541147872546"/>
    <property name="depth/duration" value="66.846978"/>
  </meta>
</dense_cloud>
