<?xml version="1.0" encoding="UTF-8"?>
<frame>
  <cameras>
    <camera camera_id="5">
      <photo path="../../../images/image_643900.png">
        <meta>
          <property name="File/ImageHeight" value="1080"/>
          <property name="File/ImageWidth" value="1920"/>
          <property name="Image/Quality" value="0.873601"/>
          <property name="System/FileModifyDate" value="2017:11:14 14:40:44"/>
          <property name="System/FileSize" value="3781090"/>
        </meta>
      </photo>
    </camera>
    <camera camera_id="12">
      <photo path="../../../images/image_644000.png">
        <meta>
          <property name="File/ImageHeight" value="1080"/>
          <property name="File/ImageWidth" value="1920"/>
          <property name="Image/Quality" value="0.869864"/>
          <property name="System/FileModifyDate" value="2017:11:14 14:40:44"/>
          <property name="System/FileSize" value="3830160"/>
        </meta>
      </photo>
    </camera>
    <camera camera_id="1">
      <photo path="../../../images/image_644100.png">
        <meta>
          <property name="File/ImageHeight" value="1080"/>
          <property name="File/ImageWidth" value="1920"/>
          <property name="Image/Quality" value="0.863446"/>
          <property name="System/FileModifyDate" value="2017:11:14 14:40:45"/>
          <property name="System/FileSize" value="3843908"/>
        </meta>
      </photo>
    </camera>
    <camera camera_id="10">
      <photo path="../../../images/image_644200.png">
        <meta>
          <property name="File/ImageHeight" value="1080"/>
          <property name="File/ImageWidth" value="1920"/>
          <property name="Image/Quality" value="0.869614"/>
          <property name="System/FileModifyDate" value="2017:11:14 14:40:46"/>
          <property name="System/FileSize" value="3951576"/>
        </meta>
      </photo>
    </camera>
    <camera camera_id="6">
      <photo path="../../../images/image_644300.png">
        <meta>
          <property name="File/ImageHeight" value="1080"/>
          <property name="File/ImageWidth" value="1920"/>
          <property name="Image/Quality" value="0.848796"/>
          <property name="System/FileModifyDate" value="2017:11:14 14:40:47"/>
          <property name="System/FileSize" value="3998898"/>
        </meta>
      </photo>
    </camera>
    <camera camera_id="2">
      <photo path="../../../images/image_644400.png">
        <meta>
          <property name="File/ImageHeight" value="1080"/>
          <property name="File/ImageWidth" value="1920"/>
          <property name="Image/Quality" value="0.852624"/>
          <property name="System/FileModifyDate" value="2017:11:14 14:40:47"/>
          <property name="System/FileSize" value="4027774"/>
        </meta>
      </photo>
    </camera>
    <camera camera_id="4">
      <photo path="../../../images/image_644500.png">
        <meta>
          <property name="File/ImageHeight" value="1080"/>
          <property name="File/ImageWidth" value="1920"/>
          <property name="Image/Quality" value="0.85309"/>
          <property name="System/FileModifyDate" value="2017:11:14 14:40:48"/>
          <property name="System/FileSize" value="4054214"/>
        </meta>
      </photo>
    </camera>
    <camera camera_id="3">
      <photo path="../../../images/image_644600.png">
        <meta>
          <property name="File/ImageHeight" value="1080"/>
          <property name="File/ImageWidth" value="1920"/>
          <property name="Image/Quality" value="0.858854"/>
          <property name="System/FileModifyDate" value="2017:11:14 14:40:49"/>
          <property name="System/FileSize" value="4142083"/>
        </meta>
      </photo>
    </camera>
    <camera camera_id="13">
      <photo path="../../../images/image_644700.png">
        <meta>
          <property name="File/ImageHeight" value="1080"/>
          <property name="File/ImageWidth" value="1920"/>
          <property name="Image/Quality" value="0.858962"/>
          <property name="System/FileModifyDate" value="2017:11:14 14:40:49"/>
          <property name="System/FileSize" value="4113921"/>
        </meta>
      </photo>
    </camera>
    <camera camera_id="8">
      <photo path="../../../images/image_644800.png">
        <meta>
          <property name="File/ImageHeight" value="1080"/>
          <property name="File/ImageWidth" value="1920"/>
          <property name="Image/Quality" value="0.856051"/>
          <property name="System/FileModifyDate" value="2017:11:14 14:40:50"/>
          <property name="System/FileSize" value="4210213"/>
        </meta>
      </photo>
    </camera>
    <camera camera_id="7">
      <photo path="../../../images/image_644900.png">
        <meta>
          <property name="File/ImageHeight" value="1080"/>
          <property name="File/ImageWidth" value="1920"/>
          <property name="Image/Quality" value="0.875359"/>
          <property name="System/FileModifyDate" value="2017:11:14 14:40:51"/>
          <property name="System/FileSize" value="4103409"/>
        </meta>
      </photo>
    </camera>
    <camera camera_id="14">
      <photo path="../../../images/image_645000.png">
        <meta>
          <property name="File/ImageHeight" value="1080"/>
          <property name="File/ImageWidth" value="1920"/>
          <property name="Image/Quality" value="0.85991"/>
          <property name="System/FileModifyDate" value="2017:11:14 14:40:51"/>
          <property name="System/FileSize" value="4070752"/>
        </meta>
      </photo>
    </camera>
    <camera camera_id="9">
      <photo path="../../../images/image_645100.png">
        <meta>
          <property name="File/ImageHeight" value="1080"/>
          <property name="File/ImageWidth" value="1920"/>
          <property name="Image/Quality" value="0.848968"/>
          <property name="System/FileModifyDate" value="2017:11:14 14:40:52"/>
          <property name="System/FileSize" value="4222054"/>
        </meta>
      </photo>
    </camera>
    <camera camera_id="0">
      <photo path="../../../images/image_645200.png">
        <meta>
          <property name="File/ImageHeight" value="1080"/>
          <property name="File/ImageWidth" value="1920"/>
          <property name="Image/Quality" value="0.85676"/>
          <property name="System/FileModifyDate" value="2017:11:14 14:40:53"/>
          <property name="System/FileSize" value="4267444"/>
        </meta>
      </photo>
    </camera>
    <camera camera_id="11">
      <photo path="../../../images/image_645300.png">
        <meta>
          <property name="File/ImageHeight" value="1080"/>
          <property name="File/ImageWidth" value="1920"/>
          <property name="Image/Quality" value="0.852759"/>
          <property name="System/FileModifyDate" value="2017:11:14 14:40:53"/>
          <property name="System/FileSize" value="4222331"/>
        </meta>
      </photo>
    </camera>
    <camera camera_id="18">
      <photo path="../../../images/image_645400.png">
        <meta>
          <property name="File/ImageHeight" value="1080"/>
          <property name="File/ImageWidth" value="1920"/>
          <property name="Image/Quality" value="0.865912"/>
          <property name="System/FileModifyDate" value="2017:11:14 14:40:54"/>
          <property name="System/FileSize" value="4225185"/>
        </meta>
      </photo>
    </camera>
    <camera camera_id="24">
      <photo path="../../../images/image_645500.png">
        <meta>
          <property name="File/ImageHeight" value="1080"/>
          <property name="File/ImageWidth" value="1920"/>
          <property name="Image/Quality" value="0.869763"/>
          <property name="System/FileModifyDate" value="2017:11:14 14:40:55"/>
          <property name="System/FileSize" value="4063746"/>
        </meta>
      </photo>
    </camera>
    <camera camera_id="34">
      <photo path="../../../images/image_645600.png">
        <meta>
          <property name="File/ImageHeight" value="1080"/>
          <property name="File/ImageWidth" value="1920"/>
          <property name="Image/Quality" value="0.868787"/>
          <property name="System/FileModifyDate" value="2017:11:14 14:40:55"/>
          <property name="System/FileSize" value="4057367"/>
        </meta>
      </photo>
    </camera>
    <camera camera_id="30">
      <photo path="../../../images/image_645700.png">
        <meta>
          <property name="File/ImageHeight" value="1080"/>
          <property name="File/ImageWidth" value="1920"/>
          <property name="Image/Quality" value="0.852853"/>
          <property name="System/FileModifyDate" value="2017:11:14 14:40:56"/>
          <property name="System/FileSize" value="3776988"/>
        </meta>
      </photo>
    </camera>
    <camera camera_id="33">
      <photo path="../../../images/image_645800.png">
        <meta>
          <property name="File/ImageHeight" value="1080"/>
          <property name="File/ImageWidth" value="1920"/>
          <property name="Image/Quality" value="0.85194"/>
          <property name="System/FileModifyDate" value="2017:11:14 14:40:57"/>
          <property name="System/FileSize" value="3852896"/>
        </meta>
      </photo>
    </camera>
    <camera camera_id="32">
      <photo path="../../../images/image_645900.png">
        <meta>
          <property name="File/ImageHeight" value="1080"/>
          <property name="File/ImageWidth" value="1920"/>
          <property name="Image/Quality" value="0.841435"/>
          <property name="System/FileModifyDate" value="2017:11:14 14:40:58"/>
          <property name="System/FileSize" value="3697203"/>
        </meta>
      </photo>
    </camera>
    <camera camera_id="31">
      <photo path="../../../images/image_646000.png">
        <meta>
          <property name="File/ImageHeight" value="1080"/>
          <property name="File/ImageWidth" value="1920"/>
          <property name="Image/Quality" value="0.851799"/>
          <property name="System/FileModifyDate" value="2017:11:14 14:40:59"/>
          <property name="System/FileSize" value="3616088"/>
        </meta>
      </photo>
    </camera>
    <camera camera_id="35">
      <photo path="../../../images/image_646100.png">
        <meta>
          <property name="File/ImageHeight" value="1080"/>
          <property name="File/ImageWidth" value="1920"/>
          <property name="Image/Quality" value="0.861088"/>
          <property name="System/FileModifyDate" value="2017:11:14 14:40:59"/>
          <property name="System/FileSize" value="3654794"/>
        </meta>
      </photo>
    </camera>
    <camera camera_id="29">
      <photo path="../../../images/image_646200.png">
        <meta>
          <property name="File/ImageHeight" value="1080"/>
          <property name="File/ImageWidth" value="1920"/>
          <property name="Image/Quality" value="0.88693"/>
          <property name="System/FileModifyDate" value="2017:11:14 14:41:00"/>
          <property name="System/FileSize" value="3641528"/>
        </meta>
      </photo>
    </camera>
    <camera camera_id="25">
      <photo path="../../../images/image_646300.png">
        <meta>
          <property name="File/ImageHeight" value="1080"/>
          <property name="File/ImageWidth" value="1920"/>
          <property name="Image/Quality" value="0.866407"/>
          <property name="System/FileModifyDate" value="2017:11:14 14:41:01"/>
          <property name="System/FileSize" value="3631257"/>
        </meta>
      </photo>
    </camera>
    <camera camera_id="22">
      <photo path="../../../images/image_646400.png">
        <meta>
          <property name="File/ImageHeight" value="1080"/>
          <property name="File/ImageWidth" value="1920"/>
          <property name="Image/Quality" value="0.882988"/>
          <property name="System/FileModifyDate" value="2017:11:14 14:41:02"/>
          <property name="System/FileSize" value="3718527"/>
        </meta>
      </photo>
    </camera>
    <camera camera_id="23">
      <photo path="../../../images/image_646500.png">
        <meta>
          <property name="File/ImageHeight" value="1080"/>
          <property name="File/ImageWidth" value="1920"/>
          <property name="Image/Quality" value="0.86501"/>
          <property name="System/FileModifyDate" value="2017:11:14 14:41:03"/>
          <property name="System/FileSize" value="3468586"/>
        </meta>
      </photo>
    </camera>
    <camera camera_id="20">
      <photo path="../../../images/image_646600.png">
        <meta>
          <property name="File/ImageHeight" value="1080"/>
          <property name="File/ImageWidth" value="1920"/>
          <property name="Image/Quality" value="0.901071"/>
          <property name="System/FileModifyDate" value="2017:11:14 14:41:04"/>
          <property name="System/FileSize" value="3481003"/>
        </meta>
      </photo>
    </camera>
    <camera camera_id="28">
      <photo path="../../../images/image_646700.png">
        <meta>
          <property name="File/ImageHeight" value="1080"/>
          <property name="File/ImageWidth" value="1920"/>
          <property name="Image/Quality" value="0.871887"/>
          <property name="System/FileModifyDate" value="2017:11:14 14:41:04"/>
          <property name="System/FileSize" value="3531552"/>
        </meta>
      </photo>
    </camera>
    <camera camera_id="38">
      <photo path="../../../images/image_646800.png">
        <meta>
          <property name="File/ImageHeight" value="1080"/>
          <property name="File/ImageWidth" value="1920"/>
          <property name="Image/Quality" value="0.887896"/>
          <property name="System/FileModifyDate" value="2017:11:14 14:41:05"/>
          <property name="System/FileSize" value="3364590"/>
        </meta>
      </photo>
    </camera>
    <camera camera_id="42">
      <photo path="../../../images/image_646900.png">
        <meta>
          <property name="File/ImageHeight" value="1080"/>
          <property name="File/ImageWidth" value="1920"/>
          <property name="Image/Quality" value="0.884066"/>
          <property name="System/FileModifyDate" value="2017:11:14 14:41:06"/>
          <property name="System/FileSize" value="3336833"/>
        </meta>
      </photo>
    </camera>
    <camera camera_id="49">
      <photo path="../../../images/image_647000.png">
        <meta>
          <property name="File/ImageHeight" value="1080"/>
          <property name="File/ImageWidth" value="1920"/>
          <property name="Image/Quality" value="0.890073"/>
          <property name="System/FileModifyDate" value="2017:11:14 14:41:07"/>
          <property name="System/FileSize" value="3102755"/>
        </meta>
      </photo>
    </camera>
    <camera camera_id="39">
      <photo path="../../../images/image_647100.png">
        <meta>
          <property name="File/ImageHeight" value="1080"/>
          <property name="File/ImageWidth" value="1920"/>
          <property name="Image/Quality" value="0.886614"/>
          <property name="System/FileModifyDate" value="2017:11:14 14:41:07"/>
          <property name="System/FileSize" value="3177448"/>
        </meta>
      </photo>
    </camera>
    <camera camera_id="44">
      <photo path="../../../images/image_647200.png">
        <meta>
          <property name="File/ImageHeight" value="1080"/>
          <property name="File/ImageWidth" value="1920"/>
          <property name="Image/Quality" value="0.897482"/>
          <property name="System/FileModifyDate" value="2017:11:14 14:41:08"/>
          <property name="System/FileSize" value="3297226"/>
        </meta>
      </photo>
    </camera>
    <camera camera_id="45">
      <photo path="../../../images/image_647300.png">
        <meta>
          <property name="File/ImageHeight" value="1080"/>
          <property name="File/ImageWidth" value="1920"/>
          <property name="Image/Quality" value="0.885473"/>
          <property name="System/FileModifyDate" value="2017:11:14 14:41:09"/>
          <property name="System/FileSize" value="3456089"/>
        </meta>
      </photo>
    </camera>
    <camera camera_id="40">
      <photo path="../../../images/image_647400.png">
        <meta>
          <property name="File/ImageHeight" value="1080"/>
          <property name="File/ImageWidth" value="1920"/>
          <property name="Image/Quality" value="0.866716"/>
          <property name="System/FileModifyDate" value="2017:11:14 14:41:10"/>
          <property name="System/FileSize" value="3671150"/>
        </meta>
      </photo>
    </camera>
    <camera camera_id="37">
      <photo path="../../../images/image_647500.png">
        <meta>
          <property name="File/ImageHeight" value="1080"/>
          <property name="File/ImageWidth" value="1920"/>
          <property name="Image/Quality" value="0.874835"/>
          <property name="System/FileModifyDate" value="2017:11:14 14:41:11"/>
          <property name="System/FileSize" value="3691597"/>
        </meta>
      </photo>
    </camera>
    <camera camera_id="43">
      <photo path="../../../images/image_647600.png">
        <meta>
          <property name="File/ImageHeight" value="1080"/>
          <property name="File/ImageWidth" value="1920"/>
          <property name="Image/Quality" value="0.868412"/>
          <property name="System/FileModifyDate" value="2017:11:14 14:41:11"/>
          <property name="System/FileSize" value="3697936"/>
        </meta>
      </photo>
    </camera>
    <camera camera_id="48">
      <photo path="../../../images/image_647700.png">
        <meta>
          <property name="File/ImageHeight" value="1080"/>
          <property name="File/ImageWidth" value="1920"/>
          <property name="Image/Quality" value="0.889816"/>
          <property name="System/FileModifyDate" value="2017:11:14 14:41:12"/>
          <property name="System/FileSize" value="3724199"/>
        </meta>
      </photo>
    </camera>
    <camera camera_id="51">
      <photo path="../../../images/image_647800.png">
        <meta>
          <property name="File/ImageHeight" value="1080"/>
          <property name="File/ImageWidth" value="1920"/>
          <property name="Image/Quality" value="0.867299"/>
          <property name="System/FileModifyDate" value="2017:11:14 14:41:13"/>
          <property name="System/FileSize" value="3855794"/>
        </meta>
      </photo>
    </camera>
    <camera camera_id="41">
      <photo path="../../../images/image_647900.png">
        <meta>
          <property name="File/ImageHeight" value="1080"/>
          <property name="File/ImageWidth" value="1920"/>
          <property name="Image/Quality" value="0.881472"/>
          <property name="System/FileModifyDate" value="2017:11:14 14:41:14"/>
          <property name="System/FileSize" value="3898529"/>
        </meta>
      </photo>
    </camera>
    <camera camera_id="46">
      <photo path="../../../images/image_648000.png">
        <meta>
          <property name="File/ImageHeight" value="1080"/>
          <property name="File/ImageWidth" value="1920"/>
          <property name="Image/Quality" value="0.889986"/>
          <property name="System/FileModifyDate" value="2017:11:14 14:41:14"/>
          <property name="System/FileSize" value="3812194"/>
        </meta>
      </photo>
    </camera>
    <camera camera_id="50">
      <photo path="../../../images/image_648100.png">
        <meta>
          <property name="File/ImageHeight" value="1080"/>
          <property name="File/ImageWidth" value="1920"/>
          <property name="Image/Quality" value="0.909399"/>
          <property name="System/FileModifyDate" value="2017:11:14 14:41:15"/>
          <property name="System/FileSize" value="3854300"/>
        </meta>
      </photo>
    </camera>
    <camera camera_id="47">
      <photo path="../../../images/image_648200.png">
        <meta>
          <property name="File/ImageHeight" value="1080"/>
          <property name="File/ImageWidth" value="1920"/>
          <property name="Image/Quality" value="0.891216"/>
          <property name="System/FileModifyDate" value="2017:11:14 14:41:16"/>
          <property name="System/FileSize" value="3893780"/>
        </meta>
      </photo>
    </camera>
    <camera camera_id="36">
      <photo path="../../../images/image_648300.png">
        <meta>
          <property name="File/ImageHeight" value="1080"/>
          <property name="File/ImageWidth" value="1920"/>
          <property name="Image/Quality" value="0.889659"/>
          <property name="System/FileModifyDate" value="2017:11:14 14:41:17"/>
          <property name="System/FileSize" value="3632566"/>
        </meta>
      </photo>
    </camera>
    <camera camera_id="16">
      <photo path="../../../images/image_648400.png">
        <meta>
          <property name="File/ImageHeight" value="1080"/>
          <property name="File/ImageWidth" value="1920"/>
          <property name="Image/Quality" value="0.892377"/>
          <property name="System/FileModifyDate" value="2017:11:14 14:41:17"/>
          <property name="System/FileSize" value="3857186"/>
        </meta>
      </photo>
    </camera>
    <camera camera_id="15">
      <photo path="../../../images/image_648500.png">
        <meta>
          <property name="File/ImageHeight" value="1080"/>
          <property name="File/ImageWidth" value="1920"/>
          <property name="Image/Quality" value="0.887658"/>
          <property name="System/FileModifyDate" value="2017:11:14 14:41:18"/>
          <property name="System/FileSize" value="3749156"/>
        </meta>
      </photo>
    </camera>
    <camera camera_id="17">
      <photo path="../../../images/image_648600.png">
        <meta>
          <property name="File/ImageHeight" value="1080"/>
          <property name="File/ImageWidth" value="1920"/>
          <property name="Image/Quality" value="0.880107"/>
          <property name="System/FileModifyDate" value="2017:11:14 14:41:19"/>
          <property name="System/FileSize" value="3807085"/>
        </meta>
      </photo>
    </camera>
    <camera camera_id="19">
      <photo path="../../../images/image_648700.png">
        <meta>
          <property name="File/ImageHeight" value="1080"/>
          <property name="File/ImageWidth" value="1920"/>
          <property name="Image/Quality" value="0.876077"/>
          <property name="System/FileModifyDate" value="2017:11:14 14:41:20"/>
          <property name="System/FileSize" value="3818630"/>
        </meta>
      </photo>
    </camera>
    <camera camera_id="26">
      <photo path="../../../images/image_648800.png">
        <meta>
          <property name="File/ImageHeight" value="1080"/>
          <property name="File/ImageWidth" value="1920"/>
          <property name="Image/Quality" value="0.872725"/>
          <property name="System/FileModifyDate" value="2017:11:14 14:41:20"/>
          <property name="System/FileSize" value="3863702"/>
        </meta>
      </photo>
    </camera>
    <camera camera_id="27">
      <photo path="../../../images/image_648900.png">
        <meta>
          <property name="File/ImageHeight" value="1080"/>
          <property name="File/ImageWidth" value="1920"/>
          <property name="Image/Quality" value="0.874821"/>
          <property name="System/FileModifyDate" value="2017:11:14 14:41:21"/>
          <property name="System/FileSize" value="3837768"/>
        </meta>
      </photo>
    </camera>
    <camera camera_id="21">
      <photo path="../../../images/image_649000.png">
        <meta>
          <property name="File/ImageHeight" value="1080"/>
          <property name="File/ImageWidth" value="1920"/>
          <property name="Image/Quality" value="0.884223"/>
          <property name="System/FileModifyDate" value="2017:11:14 14:41:22"/>
          <property name="System/FileSize" value="3816082"/>
        </meta>
      </photo>
    </camera>
    <camera camera_id="52">
      <photo path="../../../images/image_649100.png">
        <meta>
          <property name="File/ImageHeight" value="1080"/>
          <property name="File/ImageWidth" value="1920"/>
          <property name="System/FileModifyDate" value="2017:11:14 15:06:02"/>
          <property name="System/FileSize" value="3913674"/>
        </meta>
      </photo>
    </camera>
    <camera camera_id="53">
      <photo path="../../../images/image_649200.png">
        <meta>
          <property name="File/ImageHeight" value="1080"/>
          <property name="File/ImageWidth" value="1920"/>
          <property name="System/FileModifyDate" value="2017:11:14 15:06:03"/>
          <property name="System/FileSize" value="3773287"/>
        </meta>
      </photo>
    </camera>
    <camera camera_id="54">
      <photo path="../../../images/image_649300.png">
        <meta>
          <property name="File/ImageHeight" value="1080"/>
          <property name="File/ImageWidth" value="1920"/>
          <property name="System/FileModifyDate" value="2017:11:14 15:06:04"/>
          <property name="System/FileSize" value="3737797"/>
        </meta>
      </photo>
    </camera>
    <camera camera_id="55">
      <photo path="../../../images/image_649400.png">
        <meta>
          <property name="File/ImageHeight" value="1080"/>
          <property name="File/ImageWidth" value="1920"/>
          <property name="System/FileModifyDate" value="2017:11:14 15:06:04"/>
          <property name="System/FileSize" value="4095957"/>
        </meta>
      </photo>
    </camera>
    <camera camera_id="56">
      <photo path="../../../images/image_649500.png">
        <meta>
          <property name="File/ImageHeight" value="1080"/>
          <property name="File/ImageWidth" value="1920"/>
          <property name="System/FileModifyDate" value="2017:11:14 15:06:05"/>
          <property name="System/FileSize" value="4300953"/>
        </meta>
      </photo>
    </camera>
    <camera camera_id="57">
      <photo path="../../../images/image_649600.png">
        <meta>
          <property name="File/ImageHeight" value="1080"/>
          <property name="File/ImageWidth" value="1920"/>
          <property name="System/FileModifyDate" value="2017:11:14 15:06:06"/>
          <property name="System/FileSize" value="4278969"/>
        </meta>
      </photo>
    </camera>
    <camera camera_id="58">
      <photo path="../../../images/image_649700.png">
        <meta>
          <property name="File/ImageHeight" value="1080"/>
          <property name="File/ImageWidth" value="1920"/>
          <property name="System/FileModifyDate" value="2017:11:14 15:06:06"/>
          <property name="System/FileSize" value="4364630"/>
        </meta>
      </photo>
    </camera>
    <camera camera_id="59">
      <photo path="../../../images/image_649800.png">
        <meta>
          <property name="File/ImageHeight" value="1080"/>
          <property name="File/ImageWidth" value="1920"/>
          <property name="System/FileModifyDate" value="2017:11:14 15:06:07"/>
          <property name="System/FileSize" value="3829232"/>
        </meta>
      </photo>
    </camera>
    <camera camera_id="60">
      <photo path="../../../images/image_649900.png">
        <meta>
          <property name="File/ImageHeight" value="1080"/>
          <property name="File/ImageWidth" value="1920"/>
          <property name="System/FileModifyDate" value="2017:11:14 15:06:08"/>
          <property name="System/FileSize" value="4150740"/>
        </meta>
      </photo>
    </camera>
    <camera camera_id="61">
      <photo path="../../../images/image_650000.png">
        <meta>
          <property name="File/ImageHeight" value="1080"/>
          <property name="File/ImageWidth" value="1920"/>
          <property name="System/FileModifyDate" value="2017:11:14 15:06:09"/>
          <property name="System/FileSize" value="4097769"/>
        </meta>
      </photo>
    </camera>
  </cameras>
  <masks path="masks/masks.zip"/>
  <thumbnails path="thumbnails/thumbnails.zip"/>
  <point_cloud path="point_cloud.1/point_cloud.zip"/>
  <dense_cloud path="dense_cloud/dense_cloud.zip"/>
  <model path="model/model.zip"/>
</frame>
