<?xml version="1.0" encoding="UTF-8"?>
<frame>
  <cameras>
    <camera camera_id="0">
      <photo path="../../../images/image_674800.png">
        <meta>
          <property name="File/ImageHeight" value="1080"/>
          <property name="File/ImageWidth" value="1920"/>
          <property name="System/FileModifyDate" value="2017:11:14 16:18:39"/>
          <property name="System/FileSize" value="3676272"/>
        </meta>
      </photo>
    </camera>
    <camera camera_id="1">
      <photo path="../../../images/image_674900.png">
        <meta>
          <property name="File/ImageHeight" value="1080"/>
          <property name="File/ImageWidth" value="1920"/>
          <property name="System/FileModifyDate" value="2017:11:14 16:18:40"/>
          <property name="System/FileSize" value="3748591"/>
        </meta>
      </photo>
    </camera>
    <camera camera_id="2">
      <photo path="../../../images/image_675000.png">
        <meta>
          <property name="File/ImageHeight" value="1080"/>
          <property name="File/ImageWidth" value="1920"/>
          <property name="System/FileModifyDate" value="2017:11:14 16:18:41"/>
          <property name="System/FileSize" value="3665259"/>
        </meta>
      </photo>
    </camera>
    <camera camera_id="3">
      <photo path="../../../images/image_675100.png">
        <meta>
          <property name="File/ImageHeight" value="1080"/>
          <property name="File/ImageWidth" value="1920"/>
          <property name="System/FileModifyDate" value="2017:11:14 16:18:42"/>
          <property name="System/FileSize" value="3710301"/>
        </meta>
      </photo>
    </camera>
    <camera camera_id="4">
      <photo path="../../../images/image_675200.png">
        <meta>
          <property name="File/ImageHeight" value="1080"/>
          <property name="File/ImageWidth" value="1920"/>
          <property name="System/FileModifyDate" value="2017:11:14 16:18:43"/>
          <property name="System/FileSize" value="3470856"/>
        </meta>
      </photo>
    </camera>
    <camera camera_id="5">
      <photo path="../../../images/image_675300.png">
        <meta>
          <property name="File/ImageHeight" value="1080"/>
          <property name="File/ImageWidth" value="1920"/>
          <property name="System/FileModifyDate" value="2017:11:14 16:18:43"/>
          <property name="System/FileSize" value="3528366"/>
        </meta>
      </photo>
    </camera>
    <camera camera_id="6">
      <photo path="../../../images/image_675400.png">
        <meta>
          <property name="File/ImageHeight" value="1080"/>
          <property name="File/ImageWidth" value="1920"/>
          <property name="System/FileModifyDate" value="2017:11:14 16:18:44"/>
          <property name="System/FileSize" value="3660747"/>
        </meta>
      </photo>
    </camera>
    <camera camera_id="7">
      <photo path="../../../images/image_675500.png">
        <meta>
          <property name="File/ImageHeight" value="1080"/>
          <property name="File/ImageWidth" value="1920"/>
          <property name="System/FileModifyDate" value="2017:11:14 16:18:45"/>
          <property name="System/FileSize" value="3569941"/>
        </meta>
      </photo>
    </camera>
    <camera camera_id="8">
      <photo path="../../../images/image_675600.png">
        <meta>
          <property name="File/ImageHeight" value="1080"/>
          <property name="File/ImageWidth" value="1920"/>
          <property name="System/FileModifyDate" value="2017:11:14 16:18:46"/>
          <property name="System/FileSize" value="3653314"/>
        </meta>
      </photo>
    </camera>
    <camera camera_id="9">
      <photo path="../../../images/image_675700.png">
        <meta>
          <property name="File/ImageHeight" value="1080"/>
          <property name="File/ImageWidth" value="1920"/>
          <property name="System/FileModifyDate" value="2017:11:14 16:18:46"/>
          <property name="System/FileSize" value="3731215"/>
        </meta>
      </photo>
    </camera>
    <camera camera_id="10">
      <photo path="../../../images/image_676520.png">
        <meta>
          <property name="File/ImageHeight" value="1080"/>
          <property name="File/ImageWidth" value="1920"/>
          <property name="System/FileModifyDate" value="2017:11:14 16:18:47"/>
          <property name="System/FileSize" value="3052340"/>
        </meta>
      </photo>
    </camera>
    <camera camera_id="11">
      <photo path="../../../images/image_676600.png">
        <meta>
          <property name="File/ImageHeight" value="1080"/>
          <property name="File/ImageWidth" value="1920"/>
          <property name="System/FileModifyDate" value="2017:11:14 16:18:48"/>
          <property name="System/FileSize" value="3366200"/>
        </meta>
      </photo>
    </camera>
    <camera camera_id="12">
      <photo path="../../../images/image_676700.png">
        <meta>
          <property name="File/ImageHeight" value="1080"/>
          <property name="File/ImageWidth" value="1920"/>
          <property name="System/FileModifyDate" value="2017:11:14 16:18:49"/>
          <property name="System/FileSize" value="3539253"/>
        </meta>
      </photo>
    </camera>
    <camera camera_id="13">
      <photo path="../../../images/image_676800.png">
        <meta>
          <property name="File/ImageHeight" value="1080"/>
          <property name="File/ImageWidth" value="1920"/>
          <property name="System/FileModifyDate" value="2017:11:14 16:18:50"/>
          <property name="System/FileSize" value="3561455"/>
        </meta>
      </photo>
    </camera>
    <camera camera_id="14">
      <photo path="../../../images/image_676900.png">
        <meta>
          <property name="File/ImageHeight" value="1080"/>
          <property name="File/ImageWidth" value="1920"/>
          <property name="System/FileModifyDate" value="2017:11:14 16:18:51"/>
          <property name="System/FileSize" value="3454482"/>
        </meta>
      </photo>
    </camera>
    <camera camera_id="15">
      <photo path="../../../images/image_677000.png">
        <meta>
          <property name="File/ImageHeight" value="1080"/>
          <property name="File/ImageWidth" value="1920"/>
          <property name="System/FileModifyDate" value="2017:11:14 16:18:52"/>
          <property name="System/FileSize" value="3304559"/>
        </meta>
      </photo>
    </camera>
    <camera camera_id="16">
      <photo path="../../../images/image_677100.png">
        <meta>
          <property name="File/ImageHeight" value="1080"/>
          <property name="File/ImageWidth" value="1920"/>
          <property name="System/FileModifyDate" value="2017:11:14 16:18:53"/>
          <property name="System/FileSize" value="3200583"/>
        </meta>
      </photo>
    </camera>
    <camera camera_id="17">
      <photo path="../../../images/image_677200.png">
        <meta>
          <property name="File/ImageHeight" value="1080"/>
          <property name="File/ImageWidth" value="1920"/>
          <property name="System/FileModifyDate" value="2017:11:14 16:18:54"/>
          <property name="System/FileSize" value="3136259"/>
        </meta>
      </photo>
    </camera>
    <camera camera_id="18">
      <photo path="../../../images/image_677300.png">
        <meta>
          <property name="File/ImageHeight" value="1080"/>
          <property name="File/ImageWidth" value="1920"/>
          <property name="System/FileModifyDate" value="2017:11:14 16:18:55"/>
          <property name="System/FileSize" value="3153952"/>
        </meta>
      </photo>
    </camera>
    <camera camera_id="19">
      <photo path="../../../images/image_677400.png">
        <meta>
          <property name="File/ImageHeight" value="1080"/>
          <property name="File/ImageWidth" value="1920"/>
          <property name="System/FileModifyDate" value="2017:11:14 16:18:56"/>
          <property name="System/FileSize" value="3235098"/>
        </meta>
      </photo>
    </camera>
    <camera camera_id="20">
      <photo path="../../../images/image_677500.png">
        <meta>
          <property name="File/ImageHeight" value="1080"/>
          <property name="File/ImageWidth" value="1920"/>
          <property name="System/FileModifyDate" value="2017:11:14 16:18:57"/>
          <property name="System/FileSize" value="3439703"/>
        </meta>
      </photo>
    </camera>
    <camera camera_id="21">
      <photo path="../../../images/image_677600.png">
        <meta>
          <property name="File/ImageHeight" value="1080"/>
          <property name="File/ImageWidth" value="1920"/>
          <property name="System/FileModifyDate" value="2017:11:14 16:18:58"/>
          <property name="System/FileSize" value="3578781"/>
        </meta>
      </photo>
    </camera>
    <camera camera_id="22">
      <photo path="../../../images/image_677700.png">
        <meta>
          <property name="File/ImageHeight" value="1080"/>
          <property name="File/ImageWidth" value="1920"/>
          <property name="System/FileModifyDate" value="2017:11:14 16:18:59"/>
          <property name="System/FileSize" value="3628893"/>
        </meta>
      </photo>
    </camera>
    <camera camera_id="23">
      <photo path="../../../images/image_677800.png">
        <meta>
          <property name="File/ImageHeight" value="1080"/>
          <property name="File/ImageWidth" value="1920"/>
          <property name="System/FileModifyDate" value="2017:11:14 16:18:59"/>
          <property name="System/FileSize" value="3635408"/>
        </meta>
      </photo>
    </camera>
    <camera camera_id="24">
      <photo path="../../../images/image_677900.png">
        <meta>
          <property name="File/ImageHeight" value="1080"/>
          <property name="File/ImageWidth" value="1920"/>
          <property name="System/FileModifyDate" value="2017:11:14 16:19:00"/>
          <property name="System/FileSize" value="3645908"/>
        </meta>
      </photo>
    </camera>
    <camera camera_id="25">
      <photo path="../../../images/image_678000.png">
        <meta>
          <property name="File/ImageHeight" value="1080"/>
          <property name="File/ImageWidth" value="1920"/>
          <property name="System/FileModifyDate" value="2017:11:14 16:21:52"/>
          <property name="System/FileSize" value="3679747"/>
        </meta>
      </photo>
    </camera>
    <camera camera_id="26">
      <photo path="../../../images/image_678100.png">
        <meta>
          <property name="File/ImageHeight" value="1080"/>
          <property name="File/ImageWidth" value="1920"/>
          <property name="System/FileModifyDate" value="2017:11:14 16:21:53"/>
          <property name="System/FileSize" value="3732180"/>
        </meta>
      </photo>
    </camera>
    <camera camera_id="27">
      <photo path="../../../images/image_678200.png">
        <meta>
          <property name="File/ImageHeight" value="1080"/>
          <property name="File/ImageWidth" value="1920"/>
          <property name="System/FileModifyDate" value="2017:11:14 16:21:54"/>
          <property name="System/FileSize" value="3715703"/>
        </meta>
      </photo>
    </camera>
    <camera camera_id="28">
      <photo path="../../../images/image_678300.png">
        <meta>
          <property name="File/ImageHeight" value="1080"/>
          <property name="File/ImageWidth" value="1920"/>
          <property name="System/FileModifyDate" value="2017:11:14 16:21:55"/>
          <property name="System/FileSize" value="3918801"/>
        </meta>
      </photo>
    </camera>
    <camera camera_id="29">
      <photo path="../../../images/image_678400.png">
        <meta>
          <property name="File/ImageHeight" value="1080"/>
          <property name="File/ImageWidth" value="1920"/>
          <property name="System/FileModifyDate" value="2017:11:14 16:21:55"/>
          <property name="System/FileSize" value="3973297"/>
        </meta>
      </photo>
    </camera>
    <camera camera_id="30">
      <photo path="../../../images/image_678500.png">
        <meta>
          <property name="File/ImageHeight" value="1080"/>
          <property name="File/ImageWidth" value="1920"/>
          <property name="System/FileModifyDate" value="2017:11:14 16:21:56"/>
          <property name="System/FileSize" value="4035515"/>
        </meta>
      </photo>
    </camera>
    <camera camera_id="31">
      <photo path="../../../images/image_678600.png">
        <meta>
          <property name="File/ImageHeight" value="1080"/>
          <property name="File/ImageWidth" value="1920"/>
          <property name="System/FileModifyDate" value="2017:11:14 16:21:57"/>
          <property name="System/FileSize" value="3823115"/>
        </meta>
      </photo>
    </camera>
    <camera camera_id="32">
      <photo path="../../../images/image_678700.png">
        <meta>
          <property name="File/ImageHeight" value="1080"/>
          <property name="File/ImageWidth" value="1920"/>
          <property name="System/FileModifyDate" value="2017:11:14 16:21:58"/>
          <property name="System/FileSize" value="3848781"/>
        </meta>
      </photo>
    </camera>
    <camera camera_id="33">
      <photo path="../../../images/image_678800.png">
        <meta>
          <property name="File/ImageHeight" value="1080"/>
          <property name="File/ImageWidth" value="1920"/>
          <property name="System/FileModifyDate" value="2017:11:14 16:21:59"/>
          <property name="System/FileSize" value="3772603"/>
        </meta>
      </photo>
    </camera>
    <camera camera_id="34">
      <photo path="../../../images/image_678900.png">
        <meta>
          <property name="File/ImageHeight" value="1080"/>
          <property name="File/ImageWidth" value="1920"/>
          <property name="System/FileModifyDate" value="2017:11:14 16:21:59"/>
          <property name="System/FileSize" value="3877012"/>
        </meta>
      </photo>
    </camera>
    <camera camera_id="35">
      <photo path="../../../images/image_679000.png">
        <meta>
          <property name="File/ImageHeight" value="1080"/>
          <property name="File/ImageWidth" value="1920"/>
          <property name="System/FileModifyDate" value="2017:11:14 16:21:36"/>
          <property name="System/FileSize" value="3827018"/>
        </meta>
      </photo>
    </camera>
    <camera camera_id="36">
      <photo path="../../../images/image_679100.png">
        <meta>
          <property name="File/ImageHeight" value="1080"/>
          <property name="File/ImageWidth" value="1920"/>
          <property name="System/FileModifyDate" value="2017:11:14 16:21:37"/>
          <property name="System/FileSize" value="3789856"/>
        </meta>
      </photo>
    </camera>
    <camera camera_id="37">
      <photo path="../../../images/image_679200.png">
        <meta>
          <property name="File/ImageHeight" value="1080"/>
          <property name="File/ImageWidth" value="1920"/>
          <property name="System/FileModifyDate" value="2017:11:14 16:21:38"/>
          <property name="System/FileSize" value="3524413"/>
        </meta>
      </photo>
    </camera>
    <camera camera_id="38">
      <photo path="../../../images/image_679300.png">
        <meta>
          <property name="File/ImageHeight" value="1080"/>
          <property name="File/ImageWidth" value="1920"/>
          <property name="System/FileModifyDate" value="2017:11:14 16:21:39"/>
          <property name="System/FileSize" value="3433759"/>
        </meta>
      </photo>
    </camera>
    <camera camera_id="39">
      <photo path="../../../images/image_679400.png">
        <meta>
          <property name="File/ImageHeight" value="1080"/>
          <property name="File/ImageWidth" value="1920"/>
          <property name="System/FileModifyDate" value="2017:11:14 16:21:40"/>
          <property name="System/FileSize" value="3200226"/>
        </meta>
      </photo>
    </camera>
    <camera camera_id="40">
      <photo path="../../../images/image_679500.png">
        <meta>
          <property name="File/ImageHeight" value="1080"/>
          <property name="File/ImageWidth" value="1920"/>
          <property name="System/FileModifyDate" value="2017:11:14 16:21:41"/>
          <property name="System/FileSize" value="3126418"/>
        </meta>
      </photo>
    </camera>
    <camera camera_id="41">
      <photo path="../../../images/image_679600.png">
        <meta>
          <property name="File/ImageHeight" value="1080"/>
          <property name="File/ImageWidth" value="1920"/>
          <property name="System/FileModifyDate" value="2017:11:14 16:21:42"/>
          <property name="System/FileSize" value="3120923"/>
        </meta>
      </photo>
    </camera>
    <camera camera_id="42">
      <photo path="../../../images/image_679700.png">
        <meta>
          <property name="File/ImageHeight" value="1080"/>
          <property name="File/ImageWidth" value="1920"/>
          <property name="System/FileModifyDate" value="2017:11:14 16:21:43"/>
          <property name="System/FileSize" value="3031162"/>
        </meta>
      </photo>
    </camera>
    <camera camera_id="43">
      <photo path="../../../images/image_679800.png">
        <meta>
          <property name="File/ImageHeight" value="1080"/>
          <property name="File/ImageWidth" value="1920"/>
          <property name="System/FileModifyDate" value="2017:11:14 16:22:00"/>
          <property name="System/FileSize" value="3088890"/>
        </meta>
      </photo>
    </camera>
    <camera camera_id="44">
      <photo path="../../../images/image_679900.png">
        <meta>
          <property name="File/ImageHeight" value="1080"/>
          <property name="File/ImageWidth" value="1920"/>
          <property name="System/FileModifyDate" value="2017:11:14 16:22:02"/>
          <property name="System/FileSize" value="3022233"/>
        </meta>
      </photo>
    </camera>
  </cameras>
  <thumbnails path="thumbnails/thumbnails.zip"/>
  <point_cloud path="point_cloud/point_cloud.zip"/>
</frame>
