<?xml version="1.0" encoding="UTF-8"?>
<dense_cloud version="1.2.0">
  <tiles>
    <tile path="dense_cloud.oc3">
      <totalCount>4866931</totalCount>
      <validCount>4866931</validCount>
      <pointCount class="0">4866931</pointCount>
    </tile>
  </tiles>
  <params>
    <dataType>uint8</dataType>
    <bands>
      <band label="Red"/>
      <band label="Green"/>
      <band label="Blue"/>
    </bands>
  </params>
  <meta>
    <property name="dense_cloud/density" value="100"/>
    <property name="dense_cloud/depth_downscale" value="2"/>
    <property name="dense_cloud/depth_filter_mode" value="0"/>
    <property name="dense_cloud/duration" value="766.530039"/>
    <property name="dense_cloud/resolution" value="0.0154522727857752"/>
    <property name="depth/duration" value="189.731991"/>
  </meta>
</dense_cloud>
