<?xml version="1.0" encoding="UTF-8"?>
<dense_cloud version="1.2.0">
  <tiles>
    <tile path="dense_cloud.oc3">
      <totalCount>3885739</totalCount>
      <validCount>3885739</validCount>
      <pointCount class="0">3885739</pointCount>
    </tile>
  </tiles>
  <params>
    <dataType>uint8</dataType>
    <bands>
      <band label="Red"/>
      <band label="Green"/>
      <band label="Blue"/>
    </bands>
  </params>
  <meta>
    <property name="dense_cloud/density" value="100"/>
    <property name="dense_cloud/depth_downscale" value="2"/>
    <property name="dense_cloud/depth_filter_mode" value="0"/>
    <property name="dense_cloud/duration" value="11.633087"/>
    <property name="dense_cloud/resolution" value="0.00483268218555069"/>
    <property name="depth/duration" value="12.602384"/>
  </meta>
</dense_cloud>
