<?xml version="1.0" encoding="UTF-8"?>
<frame>
  <cameras>
    <camera camera_id="0">
      <photo path="../../../images/image_653000.png">
        <meta>
          <property name="File/ImageHeight" value="1080"/>
          <property name="File/ImageWidth" value="1920"/>
          <property name="System/FileModifyDate" value="2017:11:14 15:55:26"/>
          <property name="System/FileSize" value="3892082"/>
        </meta>
      </photo>
    </camera>
    <camera camera_id="1">
      <photo path="../../../images/image_653100.png">
        <meta>
          <property name="File/ImageHeight" value="1080"/>
          <property name="File/ImageWidth" value="1920"/>
          <property name="System/FileModifyDate" value="2017:11:14 15:55:28"/>
          <property name="System/FileSize" value="3974912"/>
        </meta>
      </photo>
    </camera>
    <camera camera_id="2">
      <photo path="../../../images/image_653200.png">
        <meta>
          <property name="File/ImageHeight" value="1080"/>
          <property name="File/ImageWidth" value="1920"/>
          <property name="System/FileModifyDate" value="2017:11:14 15:55:29"/>
          <property name="System/FileSize" value="3771030"/>
        </meta>
      </photo>
    </camera>
    <camera camera_id="3">
      <photo path="../../../images/image_653300.png">
        <meta>
          <property name="File/ImageHeight" value="1080"/>
          <property name="File/ImageWidth" value="1920"/>
          <property name="System/FileModifyDate" value="2017:11:14 15:55:30"/>
          <property name="System/FileSize" value="3232237"/>
        </meta>
      </photo>
    </camera>
    <camera camera_id="4">
      <photo path="../../../images/image_653400.png">
        <meta>
          <property name="File/ImageHeight" value="1080"/>
          <property name="File/ImageWidth" value="1920"/>
          <property name="System/FileModifyDate" value="2017:11:14 15:55:33"/>
          <property name="System/FileSize" value="3068214"/>
        </meta>
      </photo>
    </camera>
    <camera camera_id="5">
      <photo path="../../../images/image_653500.png">
        <meta>
          <property name="File/ImageHeight" value="1080"/>
          <property name="File/ImageWidth" value="1920"/>
          <property name="System/FileModifyDate" value="2017:11:14 15:55:34"/>
          <property name="System/FileSize" value="3868570"/>
        </meta>
      </photo>
    </camera>
    <camera camera_id="6">
      <photo path="../../../images/image_653600.png">
        <meta>
          <property name="File/ImageHeight" value="1080"/>
          <property name="File/ImageWidth" value="1920"/>
          <property name="System/FileModifyDate" value="2017:11:14 15:55:35"/>
          <property name="System/FileSize" value="3976107"/>
        </meta>
      </photo>
    </camera>
    <camera camera_id="7">
      <photo path="../../../images/image_653700.png">
        <meta>
          <property name="File/ImageHeight" value="1080"/>
          <property name="File/ImageWidth" value="1920"/>
          <property name="System/FileModifyDate" value="2017:11:14 15:55:36"/>
          <property name="System/FileSize" value="4094853"/>
        </meta>
      </photo>
    </camera>
    <camera camera_id="8">
      <photo path="../../../images/image_653800.png">
        <meta>
          <property name="File/ImageHeight" value="1080"/>
          <property name="File/ImageWidth" value="1920"/>
          <property name="System/FileModifyDate" value="2017:11:14 15:55:37"/>
          <property name="System/FileSize" value="4081786"/>
        </meta>
      </photo>
    </camera>
    <camera camera_id="9">
      <photo path="../../../images/image_653900.png">
        <meta>
          <property name="File/ImageHeight" value="1080"/>
          <property name="File/ImageWidth" value="1920"/>
          <property name="System/FileModifyDate" value="2017:11:14 15:55:39"/>
          <property name="System/FileSize" value="4096414"/>
        </meta>
      </photo>
    </camera>
    <camera camera_id="10">
      <photo path="../../../images/image_654000.png">
        <meta>
          <property name="File/ImageHeight" value="1080"/>
          <property name="File/ImageWidth" value="1920"/>
          <property name="System/FileModifyDate" value="2017:11:14 15:55:40"/>
          <property name="System/FileSize" value="3936416"/>
        </meta>
      </photo>
    </camera>
    <camera camera_id="11">
      <photo path="../../../images/image_654100.png">
        <meta>
          <property name="File/ImageHeight" value="1080"/>
          <property name="File/ImageWidth" value="1920"/>
          <property name="System/FileModifyDate" value="2017:11:14 15:55:42"/>
          <property name="System/FileSize" value="3990482"/>
        </meta>
      </photo>
    </camera>
    <camera camera_id="12">
      <photo path="../../../images/image_654200.png">
        <meta>
          <property name="File/ImageHeight" value="1080"/>
          <property name="File/ImageWidth" value="1920"/>
          <property name="System/FileModifyDate" value="2017:11:14 15:55:43"/>
          <property name="System/FileSize" value="4140657"/>
        </meta>
      </photo>
    </camera>
    <camera camera_id="36">
      <photo path="../../../images/image_654250.png">
        <meta>
          <property name="File/ImageHeight" value="1080"/>
          <property name="File/ImageWidth" value="1920"/>
          <property name="System/FileModifyDate" value="2017:11:14 16:06:24"/>
          <property name="System/FileSize" value="4020281"/>
        </meta>
      </photo>
    </camera>
    <camera camera_id="13">
      <photo path="../../../images/image_654300.png">
        <meta>
          <property name="File/ImageHeight" value="1080"/>
          <property name="File/ImageWidth" value="1920"/>
          <property name="System/FileModifyDate" value="2017:11:14 15:55:43"/>
          <property name="System/FileSize" value="4068307"/>
        </meta>
      </photo>
    </camera>
    <camera camera_id="14">
      <photo path="../../../images/image_654400.png">
        <meta>
          <property name="File/ImageHeight" value="1080"/>
          <property name="File/ImageWidth" value="1920"/>
          <property name="System/FileModifyDate" value="2017:11:14 15:55:45"/>
          <property name="System/FileSize" value="3834186"/>
        </meta>
      </photo>
    </camera>
    <camera camera_id="15">
      <photo path="../../../images/image_654500.png">
        <meta>
          <property name="File/ImageHeight" value="1080"/>
          <property name="File/ImageWidth" value="1920"/>
          <property name="System/FileModifyDate" value="2017:11:14 15:55:46"/>
          <property name="System/FileSize" value="3836082"/>
        </meta>
      </photo>
    </camera>
    <camera camera_id="16">
      <photo path="../../../images/image_654600.png">
        <meta>
          <property name="File/ImageHeight" value="1080"/>
          <property name="File/ImageWidth" value="1920"/>
          <property name="System/FileModifyDate" value="2017:11:14 15:55:48"/>
          <property name="System/FileSize" value="3869768"/>
        </meta>
      </photo>
    </camera>
    <camera camera_id="17">
      <photo path="../../../images/image_654700.png">
        <meta>
          <property name="File/ImageHeight" value="1080"/>
          <property name="File/ImageWidth" value="1920"/>
          <property name="System/FileModifyDate" value="2017:11:14 15:55:49"/>
          <property name="System/FileSize" value="3906427"/>
        </meta>
      </photo>
    </camera>
    <camera camera_id="19">
      <photo path="../../../images/image_654900.png">
        <meta>
          <property name="File/ImageHeight" value="1080"/>
          <property name="File/ImageWidth" value="1920"/>
          <property name="System/FileModifyDate" value="2017:11:14 15:55:53"/>
          <property name="System/FileSize" value="2972360"/>
        </meta>
      </photo>
    </camera>
    <camera camera_id="20">
      <photo path="../../../images/image_655000.png">
        <meta>
          <property name="File/ImageHeight" value="1080"/>
          <property name="File/ImageWidth" value="1920"/>
          <property name="System/FileModifyDate" value="2017:11:14 15:55:55"/>
          <property name="System/FileSize" value="2885144"/>
        </meta>
      </photo>
    </camera>
    <camera camera_id="21">
      <photo path="../../../images/image_655100.png">
        <meta>
          <property name="File/ImageHeight" value="1080"/>
          <property name="File/ImageWidth" value="1920"/>
          <property name="System/FileModifyDate" value="2017:11:14 15:55:57"/>
          <property name="System/FileSize" value="3450282"/>
        </meta>
      </photo>
    </camera>
    <camera camera_id="22">
      <photo path="../../../images/image_655200.png">
        <meta>
          <property name="File/ImageHeight" value="1080"/>
          <property name="File/ImageWidth" value="1920"/>
          <property name="System/FileModifyDate" value="2017:11:14 15:55:59"/>
          <property name="System/FileSize" value="3758982"/>
        </meta>
      </photo>
    </camera>
    <camera camera_id="23">
      <photo path="../../../images/image_655300.png">
        <meta>
          <property name="File/ImageHeight" value="1080"/>
          <property name="File/ImageWidth" value="1920"/>
          <property name="System/FileModifyDate" value="2017:11:14 15:56:01"/>
          <property name="System/FileSize" value="3333658"/>
        </meta>
      </photo>
    </camera>
    <camera camera_id="24">
      <photo path="../../../images/image_655400.png">
        <meta>
          <property name="File/ImageHeight" value="1080"/>
          <property name="File/ImageWidth" value="1920"/>
          <property name="System/FileModifyDate" value="2017:11:14 15:56:02"/>
          <property name="System/FileSize" value="3311659"/>
        </meta>
      </photo>
    </camera>
    <camera camera_id="25">
      <photo path="../../../images/image_655500.png">
        <meta>
          <property name="File/ImageHeight" value="1080"/>
          <property name="File/ImageWidth" value="1920"/>
          <property name="System/FileModifyDate" value="2017:11:14 15:56:03"/>
          <property name="System/FileSize" value="3647882"/>
        </meta>
      </photo>
    </camera>
    <camera camera_id="26">
      <photo path="../../../images/image_655600.png">
        <meta>
          <property name="File/ImageHeight" value="1080"/>
          <property name="File/ImageWidth" value="1920"/>
          <property name="System/FileModifyDate" value="2017:11:14 15:56:05"/>
          <property name="System/FileSize" value="3552764"/>
        </meta>
      </photo>
    </camera>
    <camera camera_id="27">
      <photo path="../../../images/image_655700.png">
        <meta>
          <property name="File/ImageHeight" value="1080"/>
          <property name="File/ImageWidth" value="1920"/>
          <property name="System/FileModifyDate" value="2017:11:14 15:56:07"/>
          <property name="System/FileSize" value="3345480"/>
        </meta>
      </photo>
    </camera>
    <camera camera_id="28">
      <photo path="../../../images/image_655800.png">
        <meta>
          <property name="File/ImageHeight" value="1080"/>
          <property name="File/ImageWidth" value="1920"/>
          <property name="System/FileModifyDate" value="2017:11:14 15:56:08"/>
          <property name="System/FileSize" value="3069592"/>
        </meta>
      </photo>
    </camera>
    <camera camera_id="29">
      <photo path="../../../images/image_655900.png">
        <meta>
          <property name="File/ImageHeight" value="1080"/>
          <property name="File/ImageWidth" value="1920"/>
          <property name="System/FileModifyDate" value="2017:11:14 15:56:10"/>
          <property name="System/FileSize" value="3091817"/>
        </meta>
      </photo>
    </camera>
    <camera camera_id="30">
      <photo path="../../../images/image_656000.png">
        <meta>
          <property name="File/ImageHeight" value="1080"/>
          <property name="File/ImageWidth" value="1920"/>
          <property name="System/FileModifyDate" value="2017:11:14 16:02:29"/>
          <property name="System/FileSize" value="3096408"/>
        </meta>
      </photo>
    </camera>
    <camera camera_id="31">
      <photo path="../../../images/image_656100.png">
        <meta>
          <property name="File/ImageHeight" value="1080"/>
          <property name="File/ImageWidth" value="1920"/>
          <property name="System/FileModifyDate" value="2017:11:14 16:02:30"/>
          <property name="System/FileSize" value="3395568"/>
        </meta>
      </photo>
    </camera>
    <camera camera_id="32">
      <photo path="../../../images/image_656200.png">
        <meta>
          <property name="File/ImageHeight" value="1080"/>
          <property name="File/ImageWidth" value="1920"/>
          <property name="System/FileModifyDate" value="2017:11:14 16:02:31"/>
          <property name="System/FileSize" value="3698633"/>
        </meta>
      </photo>
    </camera>
    <camera camera_id="33">
      <photo path="../../../images/image_656300.png">
        <meta>
          <property name="File/ImageHeight" value="1080"/>
          <property name="File/ImageWidth" value="1920"/>
          <property name="System/FileModifyDate" value="2017:11:14 16:02:32"/>
          <property name="System/FileSize" value="3541679"/>
        </meta>
      </photo>
    </camera>
    <camera camera_id="34">
      <photo path="../../../images/image_656400.png">
        <meta>
          <property name="File/ImageHeight" value="1080"/>
          <property name="File/ImageWidth" value="1920"/>
          <property name="System/FileModifyDate" value="2017:11:14 16:02:32"/>
          <property name="System/FileSize" value="3855724"/>
        </meta>
      </photo>
    </camera>
    <camera camera_id="35">
      <photo path="../../../images/image_656500.png">
        <meta>
          <property name="File/ImageHeight" value="1080"/>
          <property name="File/ImageWidth" value="1920"/>
          <property name="System/FileModifyDate" value="2017:11:14 16:02:33"/>
          <property name="System/FileSize" value="3097264"/>
        </meta>
      </photo>
    </camera>
  </cameras>
  <thumbnails path="thumbnails/thumbnails.zip"/>
  <point_cloud path="point_cloud/point_cloud.zip"/>
  <dense_cloud path="dense_cloud/dense_cloud.zip"/>
  <model path="model/model.zip"/>
</frame>
