<?xml version="1.0" encoding="UTF-8"?>
<frame>
  <cameras>
    <camera camera_id="0">
      <photo path="../../../images/image_656700.png">
        <meta>
          <property name="File/ImageHeight" value="1080"/>
          <property name="File/ImageWidth" value="1920"/>
          <property name="System/FileModifyDate" value="2017:11:14 15:19:20"/>
          <property name="System/FileSize" value="3811503"/>
        </meta>
      </photo>
    </camera>
    <camera camera_id="1">
      <photo path="../../../images/image_656800.png">
        <meta>
          <property name="File/ImageHeight" value="1080"/>
          <property name="File/ImageWidth" value="1920"/>
          <property name="System/FileModifyDate" value="2017:11:14 15:19:20"/>
          <property name="System/FileSize" value="3925618"/>
        </meta>
      </photo>
    </camera>
    <camera camera_id="2">
      <photo path="../../../images/image_656900.png">
        <meta>
          <property name="File/ImageHeight" value="1080"/>
          <property name="File/ImageWidth" value="1920"/>
          <property name="System/FileModifyDate" value="2017:11:14 15:19:21"/>
          <property name="System/FileSize" value="3997167"/>
        </meta>
      </photo>
    </camera>
    <camera camera_id="3">
      <photo path="../../../images/image_657000.png">
        <meta>
          <property name="File/ImageHeight" value="1080"/>
          <property name="File/ImageWidth" value="1920"/>
          <property name="System/FileModifyDate" value="2017:11:14 15:19:22"/>
          <property name="System/FileSize" value="3931034"/>
        </meta>
      </photo>
    </camera>
    <camera camera_id="4">
      <photo path="../../../images/image_657100.png">
        <meta>
          <property name="File/ImageHeight" value="1080"/>
          <property name="File/ImageWidth" value="1920"/>
          <property name="System/FileModifyDate" value="2017:11:14 15:19:23"/>
          <property name="System/FileSize" value="3458622"/>
        </meta>
      </photo>
    </camera>
    <camera camera_id="5">
      <photo path="../../../images/image_657200.png">
        <meta>
          <property name="File/ImageHeight" value="1080"/>
          <property name="File/ImageWidth" value="1920"/>
          <property name="System/FileModifyDate" value="2017:11:14 15:19:23"/>
          <property name="System/FileSize" value="2826857"/>
        </meta>
      </photo>
    </camera>
    <camera camera_id="6">
      <photo path="../../../images/image_657300.png">
        <meta>
          <property name="File/ImageHeight" value="1080"/>
          <property name="File/ImageWidth" value="1920"/>
          <property name="System/FileModifyDate" value="2017:11:14 15:19:24"/>
          <property name="System/FileSize" value="2773829"/>
        </meta>
      </photo>
    </camera>
    <camera camera_id="7">
      <photo path="../../../images/image_657400.png">
        <meta>
          <property name="File/ImageHeight" value="1080"/>
          <property name="File/ImageWidth" value="1920"/>
          <property name="System/FileModifyDate" value="2017:11:14 15:19:25"/>
          <property name="System/FileSize" value="3234229"/>
        </meta>
      </photo>
    </camera>
    <camera camera_id="8">
      <photo path="../../../images/image_657500.png">
        <meta>
          <property name="File/ImageHeight" value="1080"/>
          <property name="File/ImageWidth" value="1920"/>
          <property name="System/FileModifyDate" value="2017:11:14 15:19:26"/>
          <property name="System/FileSize" value="3292675"/>
        </meta>
      </photo>
    </camera>
    <camera camera_id="9">
      <photo path="../../../images/image_657600.png">
        <meta>
          <property name="File/ImageHeight" value="1080"/>
          <property name="File/ImageWidth" value="1920"/>
          <property name="System/FileModifyDate" value="2017:11:14 15:19:27"/>
          <property name="System/FileSize" value="3638868"/>
        </meta>
      </photo>
    </camera>
    <camera camera_id="10">
      <photo path="../../../images/image_657700.png">
        <meta>
          <property name="File/ImageHeight" value="1080"/>
          <property name="File/ImageWidth" value="1920"/>
          <property name="System/FileModifyDate" value="2017:11:14 15:19:28"/>
          <property name="System/FileSize" value="3474535"/>
        </meta>
      </photo>
    </camera>
    <camera camera_id="11">
      <photo path="../../../images/image_657800.png">
        <meta>
          <property name="File/ImageHeight" value="1080"/>
          <property name="File/ImageWidth" value="1920"/>
          <property name="System/FileModifyDate" value="2017:11:14 15:19:28"/>
          <property name="System/FileSize" value="3574423"/>
        </meta>
      </photo>
    </camera>
    <camera camera_id="12">
      <photo path="../../../images/image_657900.png">
        <meta>
          <property name="File/ImageHeight" value="1080"/>
          <property name="File/ImageWidth" value="1920"/>
          <property name="System/FileModifyDate" value="2017:11:14 15:19:29"/>
          <property name="System/FileSize" value="3579820"/>
        </meta>
      </photo>
    </camera>
    <camera camera_id="13">
      <photo path="../../../images/image_658000.png">
        <meta>
          <property name="File/ImageHeight" value="1080"/>
          <property name="File/ImageWidth" value="1920"/>
          <property name="System/FileModifyDate" value="2017:11:14 15:19:30"/>
          <property name="System/FileSize" value="3656349"/>
        </meta>
      </photo>
    </camera>
    <camera camera_id="14">
      <photo path="../../../images/image_658100.png">
        <meta>
          <property name="File/ImageHeight" value="1080"/>
          <property name="File/ImageWidth" value="1920"/>
          <property name="System/FileModifyDate" value="2017:11:14 15:19:31"/>
          <property name="System/FileSize" value="3823123"/>
        </meta>
      </photo>
    </camera>
    <camera camera_id="15">
      <photo path="../../../images/image_658200.png">
        <meta>
          <property name="File/ImageHeight" value="1080"/>
          <property name="File/ImageWidth" value="1920"/>
          <property name="System/FileModifyDate" value="2017:11:14 15:19:32"/>
          <property name="System/FileSize" value="3749244"/>
        </meta>
      </photo>
    </camera>
    <camera camera_id="16">
      <photo path="../../../images/image_658300.png">
        <meta>
          <property name="File/ImageHeight" value="1080"/>
          <property name="File/ImageWidth" value="1920"/>
          <property name="System/FileModifyDate" value="2017:11:14 15:19:32"/>
          <property name="System/FileSize" value="3798437"/>
        </meta>
      </photo>
    </camera>
    <camera camera_id="17">
      <photo path="../../../images/image_658400.png">
        <meta>
          <property name="File/ImageHeight" value="1080"/>
          <property name="File/ImageWidth" value="1920"/>
          <property name="System/FileModifyDate" value="2017:11:14 15:19:33"/>
          <property name="System/FileSize" value="3730755"/>
        </meta>
      </photo>
    </camera>
    <camera camera_id="18">
      <photo path="../../../images/image_658500.png">
        <meta>
          <property name="File/ImageHeight" value="1080"/>
          <property name="File/ImageWidth" value="1920"/>
          <property name="System/FileModifyDate" value="2017:11:14 15:19:34"/>
          <property name="System/FileSize" value="3207042"/>
        </meta>
      </photo>
    </camera>
    <camera camera_id="19">
      <photo path="../../../images/image_658600.png">
        <meta>
          <property name="File/ImageHeight" value="1080"/>
          <property name="File/ImageWidth" value="1920"/>
          <property name="System/FileModifyDate" value="2017:11:14 15:19:35"/>
          <property name="System/FileSize" value="3449874"/>
        </meta>
      </photo>
    </camera>
    <camera camera_id="20">
      <photo path="../../../images/image_658700.png">
        <meta>
          <property name="File/ImageHeight" value="1080"/>
          <property name="File/ImageWidth" value="1920"/>
          <property name="System/FileModifyDate" value="2017:11:14 15:19:36"/>
          <property name="System/FileSize" value="3189207"/>
        </meta>
      </photo>
    </camera>
    <camera camera_id="21">
      <photo path="../../../images/image_658800.png">
        <meta>
          <property name="File/ImageHeight" value="1080"/>
          <property name="File/ImageWidth" value="1920"/>
          <property name="System/FileModifyDate" value="2017:11:14 15:19:37"/>
          <property name="System/FileSize" value="3105755"/>
        </meta>
      </photo>
    </camera>
    <camera camera_id="22">
      <photo path="../../../images/image_658900.png">
        <meta>
          <property name="File/ImageHeight" value="1080"/>
          <property name="File/ImageWidth" value="1920"/>
          <property name="System/FileModifyDate" value="2017:11:14 15:19:38"/>
          <property name="System/FileSize" value="2990883"/>
        </meta>
      </photo>
    </camera>
    <camera camera_id="23">
      <photo path="../../../images/image_659000.png">
        <meta>
          <property name="File/ImageHeight" value="1080"/>
          <property name="File/ImageWidth" value="1920"/>
          <property name="System/FileModifyDate" value="2017:11:14 15:33:49"/>
          <property name="System/FileSize" value="2944997"/>
        </meta>
      </photo>
    </camera>
    <camera camera_id="24">
      <photo path="../../../images/image_659100.png">
        <meta>
          <property name="File/ImageHeight" value="1080"/>
          <property name="File/ImageWidth" value="1920"/>
          <property name="System/FileModifyDate" value="2017:11:14 15:33:50"/>
          <property name="System/FileSize" value="3114363"/>
        </meta>
      </photo>
    </camera>
    <camera camera_id="25">
      <photo path="../../../images/image_659200.png">
        <meta>
          <property name="File/ImageHeight" value="1080"/>
          <property name="File/ImageWidth" value="1920"/>
          <property name="System/FileModifyDate" value="2017:11:14 15:33:51"/>
          <property name="System/FileSize" value="3148367"/>
        </meta>
      </photo>
    </camera>
    <camera camera_id="26">
      <photo path="../../../images/image_659300.png">
        <meta>
          <property name="File/ImageHeight" value="1080"/>
          <property name="File/ImageWidth" value="1920"/>
          <property name="System/FileModifyDate" value="2017:11:14 15:33:52"/>
          <property name="System/FileSize" value="3154038"/>
        </meta>
      </photo>
    </camera>
    <camera camera_id="27">
      <photo path="../../../images/image_659400.png">
        <meta>
          <property name="File/ImageHeight" value="1080"/>
          <property name="File/ImageWidth" value="1920"/>
          <property name="System/FileModifyDate" value="2017:11:14 15:33:53"/>
          <property name="System/FileSize" value="3162746"/>
        </meta>
      </photo>
    </camera>
    <camera camera_id="28">
      <photo path="../../../images/image_659500.png">
        <meta>
          <property name="File/ImageHeight" value="1080"/>
          <property name="File/ImageWidth" value="1920"/>
          <property name="System/FileModifyDate" value="2017:11:14 15:33:54"/>
          <property name="System/FileSize" value="3144450"/>
        </meta>
      </photo>
    </camera>
    <camera camera_id="29">
      <photo path="../../../images/image_659600.png">
        <meta>
          <property name="File/ImageHeight" value="1080"/>
          <property name="File/ImageWidth" value="1920"/>
          <property name="System/FileModifyDate" value="2017:11:14 15:33:55"/>
          <property name="System/FileSize" value="3053458"/>
        </meta>
      </photo>
    </camera>
    <camera camera_id="30">
      <photo path="../../../images/image_659700.png">
        <meta>
          <property name="File/ImageHeight" value="1080"/>
          <property name="File/ImageWidth" value="1920"/>
          <property name="System/FileModifyDate" value="2017:11:14 15:33:56"/>
          <property name="System/FileSize" value="3285293"/>
        </meta>
      </photo>
    </camera>
    <camera camera_id="31">
      <photo path="../../../images/image_659800.png">
        <meta>
          <property name="File/ImageHeight" value="1080"/>
          <property name="File/ImageWidth" value="1920"/>
          <property name="System/FileModifyDate" value="2017:11:14 15:33:57"/>
          <property name="System/FileSize" value="3310123"/>
        </meta>
      </photo>
    </camera>
    <camera camera_id="32">
      <photo path="../../../images/image_659900.png">
        <meta>
          <property name="File/ImageHeight" value="1080"/>
          <property name="File/ImageWidth" value="1920"/>
          <property name="System/FileModifyDate" value="2017:11:14 15:33:58"/>
          <property name="System/FileSize" value="3203196"/>
        </meta>
      </photo>
    </camera>
    <camera camera_id="33">
      <photo path="../../../images/image_660000.png">
        <meta>
          <property name="File/ImageHeight" value="1080"/>
          <property name="File/ImageWidth" value="1920"/>
          <property name="System/FileModifyDate" value="2017:11:14 15:40:37"/>
          <property name="System/FileSize" value="3286791"/>
        </meta>
      </photo>
    </camera>
    <camera camera_id="34">
      <photo path="../../../images/image_660100.png">
        <meta>
          <property name="File/ImageHeight" value="1080"/>
          <property name="File/ImageWidth" value="1920"/>
          <property name="System/FileModifyDate" value="2017:11:14 15:40:38"/>
          <property name="System/FileSize" value="3327664"/>
        </meta>
      </photo>
    </camera>
    <camera camera_id="35">
      <photo path="../../../images/image_660200.png">
        <meta>
          <property name="File/ImageHeight" value="1080"/>
          <property name="File/ImageWidth" value="1920"/>
          <property name="System/FileModifyDate" value="2017:11:14 15:40:38"/>
          <property name="System/FileSize" value="3381218"/>
        </meta>
      </photo>
    </camera>
    <camera camera_id="36">
      <photo path="../../../images/image_660300.png">
        <meta>
          <property name="File/ImageHeight" value="1080"/>
          <property name="File/ImageWidth" value="1920"/>
          <property name="System/FileModifyDate" value="2017:11:14 15:40:39"/>
          <property name="System/FileSize" value="3320169"/>
        </meta>
      </photo>
    </camera>
    <camera camera_id="37">
      <photo path="../../../images/image_660400.png">
        <meta>
          <property name="File/ImageHeight" value="1080"/>
          <property name="File/ImageWidth" value="1920"/>
          <property name="System/FileModifyDate" value="2017:11:14 15:40:40"/>
          <property name="System/FileSize" value="3219548"/>
        </meta>
      </photo>
    </camera>
    <camera camera_id="38">
      <photo path="../../../images/image_660500.png">
        <meta>
          <property name="File/ImageHeight" value="1080"/>
          <property name="File/ImageWidth" value="1920"/>
          <property name="System/FileModifyDate" value="2017:11:14 15:40:41"/>
          <property name="System/FileSize" value="3213609"/>
        </meta>
      </photo>
    </camera>
    <camera camera_id="39">
      <photo path="../../../images/image_660600.png">
        <meta>
          <property name="File/ImageHeight" value="1080"/>
          <property name="File/ImageWidth" value="1920"/>
          <property name="System/FileModifyDate" value="2017:11:14 15:40:42"/>
          <property name="System/FileSize" value="3178797"/>
        </meta>
      </photo>
    </camera>
    <camera camera_id="40">
      <photo path="../../../images/image_660700.png">
        <meta>
          <property name="File/ImageHeight" value="1080"/>
          <property name="File/ImageWidth" value="1920"/>
          <property name="System/FileModifyDate" value="2017:11:14 15:40:43"/>
          <property name="System/FileSize" value="3106675"/>
        </meta>
      </photo>
    </camera>
    <camera camera_id="41">
      <photo path="../../../images/image_660800.png">
        <meta>
          <property name="File/ImageHeight" value="1080"/>
          <property name="File/ImageWidth" value="1920"/>
          <property name="System/FileModifyDate" value="2017:11:14 15:40:44"/>
          <property name="System/FileSize" value="3120834"/>
        </meta>
      </photo>
    </camera>
    <camera camera_id="42">
      <photo path="../../../images/image_660900.png">
        <meta>
          <property name="File/ImageHeight" value="1080"/>
          <property name="File/ImageWidth" value="1920"/>
          <property name="System/FileModifyDate" value="2017:11:14 15:40:44"/>
          <property name="System/FileSize" value="3105208"/>
        </meta>
      </photo>
    </camera>
    <camera camera_id="43">
      <photo path="../../../images/image_661000.png">
        <meta>
          <property name="File/ImageHeight" value="1080"/>
          <property name="File/ImageWidth" value="1920"/>
          <property name="System/FileModifyDate" value="2017:11:14 15:38:58"/>
          <property name="System/FileSize" value="3126025"/>
        </meta>
      </photo>
    </camera>
    <camera camera_id="44">
      <photo path="../../../images/image_661100.png">
        <meta>
          <property name="File/ImageHeight" value="1080"/>
          <property name="File/ImageWidth" value="1920"/>
          <property name="System/FileModifyDate" value="2017:11:14 15:44:18"/>
          <property name="System/FileSize" value="3122721"/>
        </meta>
      </photo>
    </camera>
    <camera camera_id="45">
      <photo path="../../../images/image_661200.png">
        <meta>
          <property name="File/ImageHeight" value="1080"/>
          <property name="File/ImageWidth" value="1920"/>
          <property name="System/FileModifyDate" value="2017:11:14 15:44:19"/>
          <property name="System/FileSize" value="3137306"/>
        </meta>
      </photo>
    </camera>
    <camera camera_id="46">
      <photo path="../../../images/image_661300.png">
        <meta>
          <property name="File/ImageHeight" value="1080"/>
          <property name="File/ImageWidth" value="1920"/>
          <property name="System/FileModifyDate" value="2017:11:14 15:44:20"/>
          <property name="System/FileSize" value="3099232"/>
        </meta>
      </photo>
    </camera>
    <camera camera_id="47">
      <photo path="../../../images/image_661400.png">
        <meta>
          <property name="File/ImageHeight" value="1080"/>
          <property name="File/ImageWidth" value="1920"/>
          <property name="System/FileModifyDate" value="2017:11:14 15:44:21"/>
          <property name="System/FileSize" value="3103468"/>
        </meta>
      </photo>
    </camera>
    <camera camera_id="48">
      <photo path="../../../images/image_661500.png">
        <meta>
          <property name="File/ImageHeight" value="1080"/>
          <property name="File/ImageWidth" value="1920"/>
          <property name="System/FileModifyDate" value="2017:11:14 15:44:22"/>
          <property name="System/FileSize" value="3099239"/>
        </meta>
      </photo>
    </camera>
    <camera camera_id="49">
      <photo path="../../../images/image_661600.png">
        <meta>
          <property name="File/ImageHeight" value="1080"/>
          <property name="File/ImageWidth" value="1920"/>
          <property name="System/FileModifyDate" value="2017:11:14 15:44:23"/>
          <property name="System/FileSize" value="3060151"/>
        </meta>
      </photo>
    </camera>
    <camera camera_id="50">
      <photo path="../../../images/image_661700.png">
        <meta>
          <property name="File/ImageHeight" value="1080"/>
          <property name="File/ImageWidth" value="1920"/>
          <property name="System/FileModifyDate" value="2017:11:14 15:44:24"/>
          <property name="System/FileSize" value="3124129"/>
        </meta>
      </photo>
    </camera>
    <camera camera_id="51">
      <photo path="../../../images/image_661800.png">
        <meta>
          <property name="File/ImageHeight" value="1080"/>
          <property name="File/ImageWidth" value="1920"/>
          <property name="System/FileModifyDate" value="2017:11:14 15:44:25"/>
          <property name="System/FileSize" value="3108220"/>
        </meta>
      </photo>
    </camera>
    <camera camera_id="52">
      <photo path="../../../images/image_661900.png">
        <meta>
          <property name="File/ImageHeight" value="1080"/>
          <property name="File/ImageWidth" value="1920"/>
          <property name="System/FileModifyDate" value="2017:11:14 15:44:26"/>
          <property name="System/FileSize" value="3036145"/>
        </meta>
      </photo>
    </camera>
    <camera camera_id="53">
      <photo path="../../../images/image_662000.png">
        <meta>
          <property name="File/ImageHeight" value="1080"/>
          <property name="File/ImageWidth" value="1920"/>
          <property name="System/FileModifyDate" value="2017:11:14 15:44:17"/>
          <property name="System/FileSize" value="3196822"/>
        </meta>
      </photo>
    </camera>
    <camera camera_id="54">
      <photo path="../../../images/image_662100.png">
        <meta>
          <property name="File/ImageHeight" value="1080"/>
          <property name="File/ImageWidth" value="1920"/>
          <property name="System/FileModifyDate" value="2017:11:14 15:45:31"/>
          <property name="System/FileSize" value="3159967"/>
        </meta>
      </photo>
    </camera>
    <camera camera_id="55">
      <photo path="../../../images/image_662200.png">
        <meta>
          <property name="File/ImageHeight" value="1080"/>
          <property name="File/ImageWidth" value="1920"/>
          <property name="System/FileModifyDate" value="2017:11:14 15:45:32"/>
          <property name="System/FileSize" value="3060582"/>
        </meta>
      </photo>
    </camera>
    <camera camera_id="56">
      <photo path="../../../images/image_662300.png">
        <meta>
          <property name="File/ImageHeight" value="1080"/>
          <property name="File/ImageWidth" value="1920"/>
          <property name="System/FileModifyDate" value="2017:11:14 15:45:33"/>
          <property name="System/FileSize" value="3078949"/>
        </meta>
      </photo>
    </camera>
    <camera camera_id="57">
      <photo path="../../../images/image_662400.png">
        <meta>
          <property name="File/ImageHeight" value="1080"/>
          <property name="File/ImageWidth" value="1920"/>
          <property name="System/FileModifyDate" value="2017:11:14 15:45:34"/>
          <property name="System/FileSize" value="3108642"/>
        </meta>
      </photo>
    </camera>
    <camera camera_id="58">
      <photo path="../../../images/image_662500.png">
        <meta>
          <property name="File/ImageHeight" value="1080"/>
          <property name="File/ImageWidth" value="1920"/>
          <property name="System/FileModifyDate" value="2017:11:14 15:45:35"/>
          <property name="System/FileSize" value="3072407"/>
        </meta>
      </photo>
    </camera>
    <camera camera_id="59">
      <photo path="../../../images/image_662600.png">
        <meta>
          <property name="File/ImageHeight" value="1080"/>
          <property name="File/ImageWidth" value="1920"/>
          <property name="System/FileModifyDate" value="2017:11:14 15:45:36"/>
          <property name="System/FileSize" value="3098030"/>
        </meta>
      </photo>
    </camera>
    <camera camera_id="60">
      <photo path="../../../images/image_662700.png">
        <meta>
          <property name="File/ImageHeight" value="1080"/>
          <property name="File/ImageWidth" value="1920"/>
          <property name="System/FileModifyDate" value="2017:11:14 15:45:37"/>
          <property name="System/FileSize" value="3112435"/>
        </meta>
      </photo>
    </camera>
    <camera camera_id="61">
      <photo path="../../../images/image_662800.png">
        <meta>
          <property name="File/ImageHeight" value="1080"/>
          <property name="File/ImageWidth" value="1920"/>
          <property name="System/FileModifyDate" value="2017:11:14 15:45:38"/>
          <property name="System/FileSize" value="2907128"/>
        </meta>
      </photo>
    </camera>
    <camera camera_id="62">
      <photo path="../../../images/image_662900.png">
        <meta>
          <property name="File/ImageHeight" value="1080"/>
          <property name="File/ImageWidth" value="1920"/>
          <property name="System/FileModifyDate" value="2017:11:14 15:45:39"/>
          <property name="System/FileSize" value="2829974"/>
        </meta>
      </photo>
    </camera>
    <camera camera_id="63">
      <photo path="../../../images/image_663000.png">
        <meta>
          <property name="File/ImageHeight" value="1080"/>
          <property name="File/ImageWidth" value="1920"/>
          <property name="System/FileModifyDate" value="2017:11:14 15:39:20"/>
          <property name="System/FileSize" value="3068466"/>
        </meta>
      </photo>
    </camera>
    <camera camera_id="64">
      <photo path="../../../images/image_663100.png">
        <meta>
          <property name="File/ImageHeight" value="1080"/>
          <property name="File/ImageWidth" value="1920"/>
          <property name="System/FileModifyDate" value="2017:11:14 15:39:21"/>
          <property name="System/FileSize" value="3177152"/>
        </meta>
      </photo>
    </camera>
    <camera camera_id="65">
      <photo path="../../../images/image_663200.png">
        <meta>
          <property name="File/ImageHeight" value="1080"/>
          <property name="File/ImageWidth" value="1920"/>
          <property name="System/FileModifyDate" value="2017:11:14 15:39:22"/>
          <property name="System/FileSize" value="3103665"/>
        </meta>
      </photo>
    </camera>
    <camera camera_id="66">
      <photo path="../../../images/image_663300.png">
        <meta>
          <property name="File/ImageHeight" value="1080"/>
          <property name="File/ImageWidth" value="1920"/>
          <property name="System/FileModifyDate" value="2017:11:14 15:39:23"/>
          <property name="System/FileSize" value="3035295"/>
        </meta>
      </photo>
    </camera>
    <camera camera_id="67">
      <photo path="../../../images/image_664200.png">
        <meta>
          <property name="File/ImageHeight" value="1080"/>
          <property name="File/ImageWidth" value="1920"/>
          <property name="System/FileModifyDate" value="2017:11:14 16:30:55"/>
          <property name="System/FileSize" value="3347301"/>
        </meta>
      </photo>
    </camera>
    <camera camera_id="68">
      <photo path="../../../images/image_664300.png">
        <meta>
          <property name="File/ImageHeight" value="1080"/>
          <property name="File/ImageWidth" value="1920"/>
          <property name="System/FileModifyDate" value="2017:11:14 16:30:56"/>
          <property name="System/FileSize" value="3370579"/>
        </meta>
      </photo>
    </camera>
    <camera camera_id="69">
      <photo path="../../../images/image_664400.png">
        <meta>
          <property name="File/ImageHeight" value="1080"/>
          <property name="File/ImageWidth" value="1920"/>
          <property name="System/FileModifyDate" value="2017:11:14 16:30:57"/>
          <property name="System/FileSize" value="3099402"/>
        </meta>
      </photo>
    </camera>
    <camera camera_id="70">
      <photo path="../../../images/image_664500.png">
        <meta>
          <property name="File/ImageHeight" value="1080"/>
          <property name="File/ImageWidth" value="1920"/>
          <property name="System/FileModifyDate" value="2017:11:14 16:30:58"/>
          <property name="System/FileSize" value="2971816"/>
        </meta>
      </photo>
    </camera>
    <camera camera_id="71">
      <photo path="../../../images/image_664600.png">
        <meta>
          <property name="File/ImageHeight" value="1080"/>
          <property name="File/ImageWidth" value="1920"/>
          <property name="System/FileModifyDate" value="2017:11:14 16:30:59"/>
          <property name="System/FileSize" value="3115729"/>
        </meta>
      </photo>
    </camera>
    <camera camera_id="72">
      <photo path="../../../images/image_664700.png">
        <meta>
          <property name="File/ImageHeight" value="1080"/>
          <property name="File/ImageWidth" value="1920"/>
          <property name="System/FileModifyDate" value="2017:11:14 16:31:00"/>
          <property name="System/FileSize" value="3087363"/>
        </meta>
      </photo>
    </camera>
    <camera camera_id="73">
      <photo path="../../../images/image_664800.png">
        <meta>
          <property name="File/ImageHeight" value="1080"/>
          <property name="File/ImageWidth" value="1920"/>
          <property name="System/FileModifyDate" value="2017:11:14 16:31:01"/>
          <property name="System/FileSize" value="3090214"/>
        </meta>
      </photo>
    </camera>
    <camera camera_id="74">
      <photo path="../../../images/image_664900.png">
        <meta>
          <property name="File/ImageHeight" value="1080"/>
          <property name="File/ImageWidth" value="1920"/>
          <property name="System/FileModifyDate" value="2017:11:14 16:31:02"/>
          <property name="System/FileSize" value="3221997"/>
        </meta>
      </photo>
    </camera>
    <camera camera_id="75">
      <photo path="../../../images/image_665000.png">
        <meta>
          <property name="File/ImageHeight" value="1080"/>
          <property name="File/ImageWidth" value="1920"/>
          <property name="System/FileModifyDate" value="2017:11:14 16:31:03"/>
          <property name="System/FileSize" value="3261135"/>
        </meta>
      </photo>
    </camera>
    <camera camera_id="76">
      <photo path="../../../images/image_665100.png">
        <meta>
          <property name="File/ImageHeight" value="1080"/>
          <property name="File/ImageWidth" value="1920"/>
          <property name="System/FileModifyDate" value="2017:11:14 16:31:04"/>
          <property name="System/FileSize" value="3415172"/>
        </meta>
      </photo>
    </camera>
    <camera camera_id="77">
      <photo path="../../../images/image_665200.png">
        <meta>
          <property name="File/ImageHeight" value="1080"/>
          <property name="File/ImageWidth" value="1920"/>
          <property name="System/FileModifyDate" value="2017:11:14 16:31:05"/>
          <property name="System/FileSize" value="3254740"/>
        </meta>
      </photo>
    </camera>
    <camera camera_id="78">
      <photo path="../../../images/image_665300.png">
        <meta>
          <property name="File/ImageHeight" value="1080"/>
          <property name="File/ImageWidth" value="1920"/>
          <property name="System/FileModifyDate" value="2017:11:14 16:31:06"/>
          <property name="System/FileSize" value="3137676"/>
        </meta>
      </photo>
    </camera>
    <camera camera_id="79">
      <photo path="../../../images/image_665400.png">
        <meta>
          <property name="File/ImageHeight" value="1080"/>
          <property name="File/ImageWidth" value="1920"/>
          <property name="System/FileModifyDate" value="2017:11:14 16:31:07"/>
          <property name="System/FileSize" value="3037074"/>
        </meta>
      </photo>
    </camera>
    <camera camera_id="80">
      <photo path="../../../images/image_665500.png">
        <meta>
          <property name="File/ImageHeight" value="1080"/>
          <property name="File/ImageWidth" value="1920"/>
          <property name="System/FileModifyDate" value="2017:11:14 16:31:08"/>
          <property name="System/FileSize" value="3152176"/>
        </meta>
      </photo>
    </camera>
    <camera camera_id="81">
      <photo path="../../../images/image_665600.png">
        <meta>
          <property name="File/ImageHeight" value="1080"/>
          <property name="File/ImageWidth" value="1920"/>
          <property name="System/FileModifyDate" value="2017:11:14 16:31:09"/>
          <property name="System/FileSize" value="3053708"/>
        </meta>
      </photo>
    </camera>
    <camera camera_id="82">
      <photo path="../../../images/image_665700.png">
        <meta>
          <property name="File/ImageHeight" value="1080"/>
          <property name="File/ImageWidth" value="1920"/>
          <property name="System/FileModifyDate" value="2017:11:14 16:31:10"/>
          <property name="System/FileSize" value="3088537"/>
        </meta>
      </photo>
    </camera>
    <camera camera_id="83">
      <photo path="../../../images/image_665800.png">
        <meta>
          <property name="File/ImageHeight" value="1080"/>
          <property name="File/ImageWidth" value="1920"/>
          <property name="System/FileModifyDate" value="2017:11:14 16:31:11"/>
          <property name="System/FileSize" value="2965727"/>
        </meta>
      </photo>
    </camera>
    <camera camera_id="84">
      <photo path="../../../images/image_665900.png">
        <meta>
          <property name="File/ImageHeight" value="1080"/>
          <property name="File/ImageWidth" value="1920"/>
          <property name="System/FileModifyDate" value="2017:11:14 16:31:12"/>
          <property name="System/FileSize" value="3139492"/>
        </meta>
      </photo>
    </camera>
    <camera camera_id="85">
      <photo path="../../../images/image_674800.png">
        <meta>
          <property name="File/ImageHeight" value="1080"/>
          <property name="File/ImageWidth" value="1920"/>
          <property name="System/FileModifyDate" value="2017:11:14 16:18:39"/>
          <property name="System/FileSize" value="3676272"/>
        </meta>
      </photo>
    </camera>
    <camera camera_id="86">
      <photo path="../../../images/image_674900.png">
        <meta>
          <property name="File/ImageHeight" value="1080"/>
          <property name="File/ImageWidth" value="1920"/>
          <property name="System/FileModifyDate" value="2017:11:14 16:18:40"/>
          <property name="System/FileSize" value="3748591"/>
        </meta>
      </photo>
    </camera>
    <camera camera_id="87">
      <photo path="../../../images/image_675000.png">
        <meta>
          <property name="File/ImageHeight" value="1080"/>
          <property name="File/ImageWidth" value="1920"/>
          <property name="System/FileModifyDate" value="2017:11:14 16:18:41"/>
          <property name="System/FileSize" value="3665259"/>
        </meta>
      </photo>
    </camera>
    <camera camera_id="88">
      <photo path="../../../images/image_675100.png">
        <meta>
          <property name="File/ImageHeight" value="1080"/>
          <property name="File/ImageWidth" value="1920"/>
          <property name="System/FileModifyDate" value="2017:11:14 16:18:42"/>
          <property name="System/FileSize" value="3710301"/>
        </meta>
      </photo>
    </camera>
    <camera camera_id="89">
      <photo path="../../../images/image_675200.png">
        <meta>
          <property name="File/ImageHeight" value="1080"/>
          <property name="File/ImageWidth" value="1920"/>
          <property name="System/FileModifyDate" value="2017:11:14 16:18:43"/>
          <property name="System/FileSize" value="3470856"/>
        </meta>
      </photo>
    </camera>
    <camera camera_id="90">
      <photo path="../../../images/image_675300.png">
        <meta>
          <property name="File/ImageHeight" value="1080"/>
          <property name="File/ImageWidth" value="1920"/>
          <property name="System/FileModifyDate" value="2017:11:14 16:18:43"/>
          <property name="System/FileSize" value="3528366"/>
        </meta>
      </photo>
    </camera>
    <camera camera_id="91">
      <photo path="../../../images/image_675400.png">
        <meta>
          <property name="File/ImageHeight" value="1080"/>
          <property name="File/ImageWidth" value="1920"/>
          <property name="System/FileModifyDate" value="2017:11:14 16:18:44"/>
          <property name="System/FileSize" value="3660747"/>
        </meta>
      </photo>
    </camera>
    <camera camera_id="92">
      <photo path="../../../images/image_675500.png">
        <meta>
          <property name="File/ImageHeight" value="1080"/>
          <property name="File/ImageWidth" value="1920"/>
          <property name="System/FileModifyDate" value="2017:11:14 16:18:45"/>
          <property name="System/FileSize" value="3569941"/>
        </meta>
      </photo>
    </camera>
    <camera camera_id="93">
      <photo path="../../../images/image_675600.png">
        <meta>
          <property name="File/ImageHeight" value="1080"/>
          <property name="File/ImageWidth" value="1920"/>
          <property name="System/FileModifyDate" value="2017:11:14 16:18:46"/>
          <property name="System/FileSize" value="3653314"/>
        </meta>
      </photo>
    </camera>
    <camera camera_id="94">
      <photo path="../../../images/image_675700.png">
        <meta>
          <property name="File/ImageHeight" value="1080"/>
          <property name="File/ImageWidth" value="1920"/>
          <property name="System/FileModifyDate" value="2017:11:14 16:18:46"/>
          <property name="System/FileSize" value="3731215"/>
        </meta>
      </photo>
    </camera>
    <camera camera_id="95">
      <photo path="../../../images/image_676520.png">
        <meta>
          <property name="File/ImageHeight" value="1080"/>
          <property name="File/ImageWidth" value="1920"/>
          <property name="System/FileModifyDate" value="2017:11:14 16:18:47"/>
          <property name="System/FileSize" value="3052340"/>
        </meta>
      </photo>
    </camera>
    <camera camera_id="96">
      <photo path="../../../images/image_676600.png">
        <meta>
          <property name="File/ImageHeight" value="1080"/>
          <property name="File/ImageWidth" value="1920"/>
          <property name="System/FileModifyDate" value="2017:11:14 16:18:48"/>
          <property name="System/FileSize" value="3366200"/>
        </meta>
      </photo>
    </camera>
    <camera camera_id="97">
      <photo path="../../../images/image_676700.png">
        <meta>
          <property name="File/ImageHeight" value="1080"/>
          <property name="File/ImageWidth" value="1920"/>
          <property name="System/FileModifyDate" value="2017:11:14 16:18:49"/>
          <property name="System/FileSize" value="3539253"/>
        </meta>
      </photo>
    </camera>
    <camera camera_id="98">
      <photo path="../../../images/image_676800.png">
        <meta>
          <property name="File/ImageHeight" value="1080"/>
          <property name="File/ImageWidth" value="1920"/>
          <property name="System/FileModifyDate" value="2017:11:14 16:18:50"/>
          <property name="System/FileSize" value="3561455"/>
        </meta>
      </photo>
    </camera>
    <camera camera_id="99">
      <photo path="../../../images/image_676900.png">
        <meta>
          <property name="File/ImageHeight" value="1080"/>
          <property name="File/ImageWidth" value="1920"/>
          <property name="System/FileModifyDate" value="2017:11:14 16:18:51"/>
          <property name="System/FileSize" value="3454482"/>
        </meta>
      </photo>
    </camera>
    <camera camera_id="100">
      <photo path="../../../images/image_677000.png">
        <meta>
          <property name="File/ImageHeight" value="1080"/>
          <property name="File/ImageWidth" value="1920"/>
          <property name="System/FileModifyDate" value="2017:11:14 16:18:52"/>
          <property name="System/FileSize" value="3304559"/>
        </meta>
      </photo>
    </camera>
    <camera camera_id="101">
      <photo path="../../../images/image_677100.png">
        <meta>
          <property name="File/ImageHeight" value="1080"/>
          <property name="File/ImageWidth" value="1920"/>
          <property name="System/FileModifyDate" value="2017:11:14 16:18:53"/>
          <property name="System/FileSize" value="3200583"/>
        </meta>
      </photo>
    </camera>
    <camera camera_id="102">
      <photo path="../../../images/image_677200.png">
        <meta>
          <property name="File/ImageHeight" value="1080"/>
          <property name="File/ImageWidth" value="1920"/>
          <property name="System/FileModifyDate" value="2017:11:14 16:18:54"/>
          <property name="System/FileSize" value="3136259"/>
        </meta>
      </photo>
    </camera>
    <camera camera_id="103">
      <photo path="../../../images/image_677300.png">
        <meta>
          <property name="File/ImageHeight" value="1080"/>
          <property name="File/ImageWidth" value="1920"/>
          <property name="System/FileModifyDate" value="2017:11:14 16:18:55"/>
          <property name="System/FileSize" value="3153952"/>
        </meta>
      </photo>
    </camera>
    <camera camera_id="104">
      <photo path="../../../images/image_677400.png">
        <meta>
          <property name="File/ImageHeight" value="1080"/>
          <property name="File/ImageWidth" value="1920"/>
          <property name="System/FileModifyDate" value="2017:11:14 16:18:56"/>
          <property name="System/FileSize" value="3235098"/>
        </meta>
      </photo>
    </camera>
    <camera camera_id="105">
      <photo path="../../../images/image_677500.png">
        <meta>
          <property name="File/ImageHeight" value="1080"/>
          <property name="File/ImageWidth" value="1920"/>
          <property name="System/FileModifyDate" value="2017:11:14 16:18:57"/>
          <property name="System/FileSize" value="3439703"/>
        </meta>
      </photo>
    </camera>
    <camera camera_id="106">
      <photo path="../../../images/image_677600.png">
        <meta>
          <property name="File/ImageHeight" value="1080"/>
          <property name="File/ImageWidth" value="1920"/>
          <property name="System/FileModifyDate" value="2017:11:14 16:18:58"/>
          <property name="System/FileSize" value="3578781"/>
        </meta>
      </photo>
    </camera>
    <camera camera_id="107">
      <photo path="../../../images/image_677700.png">
        <meta>
          <property name="File/ImageHeight" value="1080"/>
          <property name="File/ImageWidth" value="1920"/>
          <property name="System/FileModifyDate" value="2017:11:14 16:18:59"/>
          <property name="System/FileSize" value="3628893"/>
        </meta>
      </photo>
    </camera>
    <camera camera_id="108">
      <photo path="../../../images/image_677800.png">
        <meta>
          <property name="File/ImageHeight" value="1080"/>
          <property name="File/ImageWidth" value="1920"/>
          <property name="System/FileModifyDate" value="2017:11:14 16:18:59"/>
          <property name="System/FileSize" value="3635408"/>
        </meta>
      </photo>
    </camera>
    <camera camera_id="109">
      <photo path="../../../images/image_677900.png">
        <meta>
          <property name="File/ImageHeight" value="1080"/>
          <property name="File/ImageWidth" value="1920"/>
          <property name="System/FileModifyDate" value="2017:11:14 16:19:00"/>
          <property name="System/FileSize" value="3645908"/>
        </meta>
      </photo>
    </camera>
    <camera camera_id="110">
      <photo path="../../../images/image_678000.png">
        <meta>
          <property name="File/ImageHeight" value="1080"/>
          <property name="File/ImageWidth" value="1920"/>
          <property name="System/FileModifyDate" value="2017:11:14 16:21:52"/>
          <property name="System/FileSize" value="3679747"/>
        </meta>
      </photo>
    </camera>
    <camera camera_id="111">
      <photo path="../../../images/image_678100.png">
        <meta>
          <property name="File/ImageHeight" value="1080"/>
          <property name="File/ImageWidth" value="1920"/>
          <property name="System/FileModifyDate" value="2017:11:14 16:21:53"/>
          <property name="System/FileSize" value="3732180"/>
        </meta>
      </photo>
    </camera>
    <camera camera_id="112">
      <photo path="../../../images/image_678200.png">
        <meta>
          <property name="File/ImageHeight" value="1080"/>
          <property name="File/ImageWidth" value="1920"/>
          <property name="System/FileModifyDate" value="2017:11:14 16:21:54"/>
          <property name="System/FileSize" value="3715703"/>
        </meta>
      </photo>
    </camera>
    <camera camera_id="113">
      <photo path="../../../images/image_678300.png">
        <meta>
          <property name="File/ImageHeight" value="1080"/>
          <property name="File/ImageWidth" value="1920"/>
          <property name="System/FileModifyDate" value="2017:11:14 16:21:55"/>
          <property name="System/FileSize" value="3918801"/>
        </meta>
      </photo>
    </camera>
    <camera camera_id="114">
      <photo path="../../../images/image_678400.png">
        <meta>
          <property name="File/ImageHeight" value="1080"/>
          <property name="File/ImageWidth" value="1920"/>
          <property name="System/FileModifyDate" value="2017:11:14 16:21:55"/>
          <property name="System/FileSize" value="3973297"/>
        </meta>
      </photo>
    </camera>
    <camera camera_id="115">
      <photo path="../../../images/image_678500.png">
        <meta>
          <property name="File/ImageHeight" value="1080"/>
          <property name="File/ImageWidth" value="1920"/>
          <property name="System/FileModifyDate" value="2017:11:14 16:21:56"/>
          <property name="System/FileSize" value="4035515"/>
        </meta>
      </photo>
    </camera>
    <camera camera_id="116">
      <photo path="../../../images/image_678600.png">
        <meta>
          <property name="File/ImageHeight" value="1080"/>
          <property name="File/ImageWidth" value="1920"/>
          <property name="System/FileModifyDate" value="2017:11:14 16:21:57"/>
          <property name="System/FileSize" value="3823115"/>
        </meta>
      </photo>
    </camera>
    <camera camera_id="117">
      <photo path="../../../images/image_678700.png">
        <meta>
          <property name="File/ImageHeight" value="1080"/>
          <property name="File/ImageWidth" value="1920"/>
          <property name="System/FileModifyDate" value="2017:11:14 16:21:58"/>
          <property name="System/FileSize" value="3848781"/>
        </meta>
      </photo>
    </camera>
    <camera camera_id="118">
      <photo path="../../../images/image_678800.png">
        <meta>
          <property name="File/ImageHeight" value="1080"/>
          <property name="File/ImageWidth" value="1920"/>
          <property name="System/FileModifyDate" value="2017:11:14 16:21:59"/>
          <property name="System/FileSize" value="3772603"/>
        </meta>
      </photo>
    </camera>
    <camera camera_id="119">
      <photo path="../../../images/image_678900.png">
        <meta>
          <property name="File/ImageHeight" value="1080"/>
          <property name="File/ImageWidth" value="1920"/>
          <property name="System/FileModifyDate" value="2017:11:14 16:21:59"/>
          <property name="System/FileSize" value="3877012"/>
        </meta>
      </photo>
    </camera>
    <camera camera_id="120">
      <photo path="../../../images/image_679000.png">
        <meta>
          <property name="File/ImageHeight" value="1080"/>
          <property name="File/ImageWidth" value="1920"/>
          <property name="System/FileModifyDate" value="2017:11:14 16:21:36"/>
          <property name="System/FileSize" value="3827018"/>
        </meta>
      </photo>
    </camera>
    <camera camera_id="121">
      <photo path="../../../images/image_679100.png">
        <meta>
          <property name="File/ImageHeight" value="1080"/>
          <property name="File/ImageWidth" value="1920"/>
          <property name="System/FileModifyDate" value="2017:11:14 16:21:37"/>
          <property name="System/FileSize" value="3789856"/>
        </meta>
      </photo>
    </camera>
    <camera camera_id="122">
      <photo path="../../../images/image_679200.png">
        <meta>
          <property name="File/ImageHeight" value="1080"/>
          <property name="File/ImageWidth" value="1920"/>
          <property name="System/FileModifyDate" value="2017:11:14 16:21:38"/>
          <property name="System/FileSize" value="3524413"/>
        </meta>
      </photo>
    </camera>
    <camera camera_id="123">
      <photo path="../../../images/image_679300.png">
        <meta>
          <property name="File/ImageHeight" value="1080"/>
          <property name="File/ImageWidth" value="1920"/>
          <property name="System/FileModifyDate" value="2017:11:14 16:21:39"/>
          <property name="System/FileSize" value="3433759"/>
        </meta>
      </photo>
    </camera>
    <camera camera_id="124">
      <photo path="../../../images/image_679400.png">
        <meta>
          <property name="File/ImageHeight" value="1080"/>
          <property name="File/ImageWidth" value="1920"/>
          <property name="System/FileModifyDate" value="2017:11:14 16:21:40"/>
          <property name="System/FileSize" value="3200226"/>
        </meta>
      </photo>
    </camera>
    <camera camera_id="125">
      <photo path="../../../images/image_679500.png">
        <meta>
          <property name="File/ImageHeight" value="1080"/>
          <property name="File/ImageWidth" value="1920"/>
          <property name="System/FileModifyDate" value="2017:11:14 16:21:41"/>
          <property name="System/FileSize" value="3126418"/>
        </meta>
      </photo>
    </camera>
    <camera camera_id="126">
      <photo path="../../../images/image_679600.png">
        <meta>
          <property name="File/ImageHeight" value="1080"/>
          <property name="File/ImageWidth" value="1920"/>
          <property name="System/FileModifyDate" value="2017:11:14 16:21:42"/>
          <property name="System/FileSize" value="3120923"/>
        </meta>
      </photo>
    </camera>
    <camera camera_id="127">
      <photo path="../../../images/image_679700.png">
        <meta>
          <property name="File/ImageHeight" value="1080"/>
          <property name="File/ImageWidth" value="1920"/>
          <property name="System/FileModifyDate" value="2017:11:14 16:21:43"/>
          <property name="System/FileSize" value="3031162"/>
        </meta>
      </photo>
    </camera>
    <camera camera_id="128">
      <photo path="../../../images/image_679800.png">
        <meta>
          <property name="File/ImageHeight" value="1080"/>
          <property name="File/ImageWidth" value="1920"/>
          <property name="System/FileModifyDate" value="2017:11:14 16:22:00"/>
          <property name="System/FileSize" value="3088890"/>
        </meta>
      </photo>
    </camera>
    <camera camera_id="129">
      <photo path="../../../images/image_679900.png">
        <meta>
          <property name="File/ImageHeight" value="1080"/>
          <property name="File/ImageWidth" value="1920"/>
          <property name="System/FileModifyDate" value="2017:11:14 16:22:02"/>
          <property name="System/FileSize" value="3022233"/>
        </meta>
      </photo>
    </camera>
  </cameras>
  <masks path="masks/masks.zip"/>
  <thumbnails path="thumbnails/thumbnails.zip"/>
  <point_cloud path="point_cloud/point_cloud.zip"/>
  <dense_cloud path="dense_cloud/dense_cloud.zip"/>
  <model path="model.1/model.zip"/>
</frame>
